{
  "pageModelVersion": "19.4.3",
  "title": "Create Course",
  "description": "Creates new Course",
  "variables": {
    "course": {
      "type": "page:createCourseRequest"
    }
  },
  "metadata": {},
  "types": {
    "createCourseRequest": {
      "description": "string",
      "subject": "string",
      "title": "string",
      "url": "string"
    },
    "@decorators.createCourseRequest": {
      "endpoint": "create_Course",
      "service": "businessObjects",
      "path": "request"
    },
    "businessObjectsServiceErrorResponseType": {
      "body": {
        "status": "string",
        "title": "string",
        "o:errorDetails": [
          {
            "detail": "string",
            "o:errorCode": "string"
          }
        ]
      },
      "status": "number"
    }
  },
  "chains": {
    "goBackChain": {
      "root": "navigateBack",
      "actions": {
        "navigateBack": {
          "module": "vb/action/builtin/navigateBackAction",
          "outcomes": {
            "success": ""
          }
        }
      }
    },
    "createCourseChain": {
      "root": "createCourse",
      "variables": {
        "saveFailureResult": {
          "type": "page:businessObjectsServiceErrorResponseType"
        },
        "errorMessage": {
          "type": "string"
        }
      },
      "actions": {
        "createCourse": {
          "module": "vb/action/builtin/restAction",
          "parameters": {
            "endpoint": "businessObjects/create_Course",
            "body": "[[ $page.variables.course ]]"
          },
          "outcomes": {
            "success": "fireSuccessNotification",
            "failure": "assignFailureResult"
          }
        },
        "fireSuccessNotification": {
          "module": "vb/action/builtin/fireNotificationEventAction",
          "parameters": {
            "summary": "Course saved",
            "message": "Course record successfully created",
            "type": "confirmation",
            "displayMode": "transient"
          },
          "outcomes": {
            "success": "navigateBack"
          }
        },
        "navigateBack": {
          "module": "vb/action/builtin/navigateBackAction",
          "outcomes": {
            "success": ""
          }
        },
        "assignFailureResult": {
          "module": "vb/action/builtin/assignVariablesAction",
          "parameters": {
            "$chain.variables.saveFailureResult": {
              "source": "[[ $chain.results.createCourse.payload ]]"
            }
          },
          "outcomes": {
            "success": "testFailureDetails"
          }
        },
        "testFailureDetails": {
          "module": "vb/action/builtin/ifAction",
          "outcomes": {
            "true": "handleDetailedErrorMessage",
            "false": "handleDefaultErrorMessage"
          },
          "parameters": {
            "condition": "[[ $chain.variables.saveFailureResult.body['o:errorDetails'][0] ]]"
          }
        },
        "handleDetailedErrorMessage": {
          "module": "vb/action/builtin/assignVariablesAction",
          "outcomes": {
            "success": "fireErrorNotification"
          },
          "parameters": {
            "$chain.variables.errorMessage": {
              "source": "[[ $chain.variables.saveFailureResult.body['o:errorDetails'][0].detail ]]"
            }
          }
        },
        "handleDefaultErrorMessage": {
          "module": "vb/action/builtin/assignVariablesAction",
          "outcomes": {
            "success": "fireErrorNotification"
          },
          "parameters": {
            "$chain.variables.errorMessage": {
              "source": "[[ 'Could not create new Course: status ' + $chain.variables.saveFailureResult.status ]]"
            }
          }
        },
        "fireErrorNotification": {
          "module": "vb/action/builtin/fireNotificationEventAction",
          "parameters": {
            "summary": "Save failed",
            "message": "[[ $chain.variables.errorMessage ]]",
            "type": "error",
            "displayMode": "persist"
          },
          "outcomes": {}
        }
      }
    }
  },
  "eventListeners": {
    "backButtonClicked": {
      "chains": [
        {
          "chainId": "goBackChain"
        }
      ]
    },
    "saveButtonClicked": {
      "chains": [
        {
          "chainId": "createCourseChain"
        }
      ]
    }
  },
  "imports": {
    "components": {
      "oj-form-layout": {
        "path": "ojs/ojformlayout"
      },
      "oj-input-text": {
        "path": "ojs/ojinputtext"
      },
      "oj-toolbar": {
        "path": "ojs/ojtoolbar"
      },
      "oj-button": {
        "path": "ojs/ojbutton"
      }
    }
  }
}