{
  "pageModelVersion": "19.4.3",
  "title": "Edit Course",
  "description": "Updates single Course record",
  "variables": {
    "course": {
      "type": "page:getCourseResponse"
    },
    "courseId": {
      "type": "string",
      "required": true,
      "input": "fromUrl"
    },
    "courseETag": {
      "type": "string"
    },
    "courseClassListSDP": {
      "type": "vb/ServiceDataProvider",
      "defaultValue": {
        "endpoint": "businessObjects/getall_CourseClass",
        "idAttribute": "id",
        "itemsPath": "items",
        "responseType": "page:getallCourseClassResponse8",
        "uriParameters": {
          "q": "{{ 'course=' +$page.variables.courseId }}"
        }
      }
    },
    "courseClassListSDP3": {
      "type": "vb/ServiceDataProvider",
      "defaultValue": {
        "endpoint": "businessObjects/getall_CourseClass",
        "idAttribute": "id",
        "itemsPath": "items",
        "responseType": "page:getallCourseClassResponse10",
        "uriParameters": {
          "q": "{{ 'course=' +$page.variables.courseId }}"
        }
      }
    },
    "getTodosListSDP": {
      "type": "vb/ServiceDataProvider",
      "defaultValue": {
        "idAttribute": "id",
        "itemsPath": "",
        "responseType": "page:getTodosResponse",
        "fetchChainId": "getTodosFetchAction"
      }
    }
  },
  "metadata": {},
  "types": {
    "getCourseResponse": {
      "description": "string",
      "subject": "string",
      "title": "string",
      "url": "string",
      "titles": "string"
    },
    "@decorators.getCourseResponse": {
      "endpoint": "get_Course",
      "service": "businessObjects",
      "path": "response"
    },
    "businessObjectsServiceErrorResponseType": {
      "body": {
        "status": "string",
        "title": "string",
        "o:errorDetails": [
          {
            "detail": "string",
            "o:errorCode": "string"
          }
        ]
      },
      "status": "number"
    },
    "getallClassResponse": {
      "items": [
        {
          "description": "string",
          "durationMins": "number",
          "id": "number",
          "title": "string"
        }
      ]
    },
    "@decorators.getallClassResponse": {
      "endpoint": "getall_Class",
      "service": "businessObjects",
      "path": "response"
    },
    "getallClassResponse2": {
      "items": [
        {
          "description": "string",
          "durationMins": "number",
          "id": "number",
          "title": "string"
        }
      ]
    },
    "@decorators.getallClassResponse2": {
      "endpoint": "getall_Class",
      "service": "businessObjects",
      "path": "response"
    },
    "getallCourseClassResponse": {
      "items": [
        {
          "class": "number",
          "classObject": {
            "items": [
              {
                "description": "string",
                "durationMins": "number",
                "title": "string"
              }
            ]
          },
          "id": "number"
        }
      ]
    },
    "@decorators.getallCourseClassResponse": {
      "endpoint": "getall_CourseClass",
      "service": "businessObjects",
      "path": "response"
    },
    "getallCourseClassResponse2": {
      "items": [
        {
          "class": "number",
          "classObject": {
            "items": [
              {
                "description": "string",
                "durationMins": "number",
                "title": "string"
              }
            ]
          },
          "id": "number"
        }
      ]
    },
    "@decorators.getallCourseClassResponse2": {
      "endpoint": "getall_CourseClass",
      "service": "businessObjects",
      "path": "response"
    },
    "getallCourseClassResponse3": {
      "items": [
        {
          "class": "number",
          "id": "number"
        }
      ]
    },
    "@decorators.getallCourseClassResponse3": {
      "endpoint": "getall_CourseClass",
      "service": "businessObjects",
      "path": "response"
    },
    "getallCourseClassResponse4": {
      "items": [
        {
          "class": "number",
          "classObject": {
            "items": [
              {
                "description": "string",
                "durationMins": "number",
                "title": "string"
              }
            ]
          },
          "id": "number"
        }
      ]
    },
    "@decorators.getallCourseClassResponse4": {
      "endpoint": "getall_CourseClass",
      "service": "businessObjects",
      "path": "response"
    },
    "getallCourseClassResponse5": {
      "items": [
        {
          "class": "number",
          "classObject": {
            "items": [
              {
                "description": "string",
                "durationMins": "number",
                "title": "string"
              }
            ]
          },
          "id": "number"
        }
      ]
    },
    "@decorators.getallCourseClassResponse5": {
      "endpoint": "getall_CourseClass",
      "service": "businessObjects",
      "path": "response"
    },
    "getallCourseClassResponse6": {
      "items": [
        {
          "class": "number",
          "classObject": {
            "items": [
              {
                "description": "string",
                "durationMins": "number",
                "title": "string"
              }
            ]
          },
          "id": "number"
        }
      ]
    },
    "@decorators.getallCourseClassResponse6": {
      "endpoint": "getall_CourseClass",
      "service": "businessObjects",
      "path": "response"
    },
    "getallCourseClassResponse7": {
      "items": [
        {
          "class": "number",
          "classObject": {
            "items": [
              {
                "description": "string",
                "durationMins": "number",
                "title": "string"
              }
            ]
          },
          "id": "number"
        }
      ]
    },
    "@decorators.getallCourseClassResponse7": {
      "endpoint": "getall_CourseClass",
      "service": "businessObjects",
      "path": "response"
    },
    "getallCourseClassResponse8": {
      "items": [
        {
          "class": "number",
          "classObject": {
            "items": [
              {
                "description": "string",
                "durationMins": "number",
                "title": "string"
              }
            ]
          },
          "id": "number"
        }
      ]
    },
    "@decorators.getallCourseClassResponse8": {
      "endpoint": "getall_CourseClass",
      "service": "businessObjects",
      "path": "response"
    },
    "@decorators.getall_CourseClass": {
      "endpoint": "getall_CourseClass",
      "service": "businessObjects",
      "path": "response"
    },
    "getall_CourseClass": {
      "items": [
        {
          "classObject": {
            "items": [
              {
                "title": "string"
              }
            ]
          }
        }
      ]
    },
    "@decorators.get_CourseClass": {
      "endpoint": "get_CourseClass",
      "service": "businessObjects",
      "path": "response"
    },
    "get_CourseClass": {
      "classObject": {
        "items": [
          {
            "durationMins": "number",
            "title": "string"
          }
        ]
      }
    },
    "getallCourseClassResponse10": {
      "items": [
        {
          "class": "number",
          "classObject": {
            "items": [
              {
                "durationMins": "number",
                "title": "string"
              }
            ]
          },
          "id": "number"
        }
      ]
    },
    "@decorators.getallCourseClassResponse10": {
      "endpoint": "getall_CourseClass",
      "service": "businessObjects",
      "path": "response"
    },
    "getTodosResponse": [
      {
        "completed": "boolean",
        "id": "number",
        "title": "string",
        "userId": "number"
      }
    ],
    "@decorators.getTodosResponse": {
      "endpoint": "getTodos",
      "service": "jsonplaceholderTypicodeCom",
      "path": "response"
    }
  },
  "chains": {
    "goBackChain": {
      "root": "navigateBack",
      "actions": {
        "navigateBack": {
          "module": "vb/action/builtin/navigateBackAction",
          "outcomes": {
            "success": ""
          }
        }
      }
    },
    "loadCourseChain": {
      "root": "loadCourse",
      "actions": {
        "loadCourse": {
          "module": "vb/action/builtin/restAction",
          "parameters": {
            "endpoint": "businessObjects/get_Course",
            "uriParams": {
              "Course_Id": "[[ $page.variables.courseId ]]"
            },
            "responseType": "page:getCourseResponse"
          },
          "outcomes": {
            "success": "assignPayload",
            "failure": "fireErrorNotification"
          }
        },
        "assignPayload": {
          "module": "vb/action/builtin/assignVariablesAction",
          "parameters": {
            "$page.variables.course": {
              "source": "{{ $chain.results.loadCourse.body }}"
            },
            "$page.variables.courseETag": {
              "source": "[[ $chain.results.loadCourse.headers.get('ETag') ]]"
            }
          },
          "outcomes": {}
        },
        "fireErrorNotification": {
          "module": "vb/action/builtin/fireNotificationEventAction",
          "parameters": {
            "summary": "Could not load data",
            "message": "{{ 'Could not load data: status ' + $chain.results.loadCourse.payload.status }}",
            "type": "error",
            "displayMode": "persist"
          },
          "outcomes": {}
        }
      }
    },
    "saveCourseChain": {
      "variables": {
        "saveFailureResult": {
          "type": "page:businessObjectsServiceErrorResponseType"
        },
        "errorMessage": {
          "type": "string"
        },
        "saveHeaders": {
          "type": "object"
        }
      },
      "root": "checkETag",
      "actions": {
        "checkETag": {
          "module": "vb/action/builtin/ifAction",
          "parameters": {
            "condition": "[[ $page.variables.courseETag ]]"
          },
          "outcomes": {
            "true": "assignIfMatchHeader",
            "false": "saveCourse"
          }
        },
        "assignIfMatchHeader": {
          "module": "vb/action/builtin/assignVariablesAction",
          "parameters": {
            "$chain.variables.saveHeaders": {
              "source": "[[ { 'If-Match': $page.variables.courseETag } ]]"
            }
          },
          "outcomes": {
            "success": "saveCourse"
          }
        },
        "saveCourse": {
          "module": "vb/action/builtin/restAction",
          "parameters": {
            "endpoint": "businessObjects/update_Course",
            "body": "{{ $page.variables.course }}",
            "requestType": "json",
            "uriParams": {
              "Course_Id": "[[ $page.variables.courseId ]]"
            },
            "headers": "[[ $chain.variables.saveHeaders ]]"
          },
          "outcomes": {
            "success": "assignPayload",
            "failure": "assignFailureResult"
          }
        },
        "assignPayload": {
          "module": "vb/action/builtin/assignVariablesAction",
          "parameters": {
            "$page.variables.course": {
              "source": "{{ $chain.results.saveCourse.body }}"
            },
            "$page.variables.courseETag": {
              "source": "[[ $chain.results.saveCourse.headers.get('ETag') ]]"
            }
          },
          "outcomes": {
            "success": "fireSuccessNotification"
          }
        },
        "fireSuccessNotification": {
          "module": "vb/action/builtin/fireNotificationEventAction",
          "parameters": {
            "summary": "Course saved",
            "message": "Course record successfully updated",
            "type": "confirmation",
            "displayMode": "transient"
          },
          "outcomes": {
            "success": "callGoBackChain"
          }
        },
        "callGoBackChain": {
          "module": "vb/action/builtin/callChainAction",
          "parameters": {
            "id": "goBackChain"
          }
        },
        "assignFailureResult": {
          "module": "vb/action/builtin/assignVariablesAction",
          "parameters": {
            "$chain.variables.saveFailureResult": {
              "source": "[[ $chain.results.saveCourse.payload ]]"
            }
          },
          "outcomes": {
            "success": "testFailureDetails"
          }
        },
        "testFailureDetails": {
          "module": "vb/action/builtin/ifAction",
          "outcomes": {
            "true": "handleDetailedErrorMessage",
            "false": "handleDefaultErrorMessage"
          },
          "parameters": {
            "condition": "[[ $chain.variables.saveFailureResult.body['o:errorDetails'][0] ]]"
          }
        },
        "handleDetailedErrorMessage": {
          "module": "vb/action/builtin/assignVariablesAction",
          "outcomes": {
            "success": "fireErrorNotification"
          },
          "parameters": {
            "$chain.variables.errorMessage": {
              "source": "[[ $chain.variables.saveFailureResult.body['o:errorDetails'][0].detail ]]"
            }
          }
        },
        "handleDefaultErrorMessage": {
          "module": "vb/action/builtin/assignVariablesAction",
          "outcomes": {
            "success": "fireErrorNotification"
          },
          "parameters": {
            "$chain.variables.errorMessage": {
              "source": "[[ 'Could not update Course: status ' + $chain.results.saveCourse.payload.status ]]"
            }
          }
        },
        "fireErrorNotification": {
          "module": "vb/action/builtin/fireNotificationEventAction",
          "parameters": {
            "summary": "Save failed",
            "message": "[[ $chain.variables.errorMessage ]]",
            "type": "error",
            "displayMode": "persist"
          }
        }
      }
    },
    "getTodosFetchAction": {
      "root": "callRestEndpoint1",
      "actions": {
        "callRestEndpoint1": {
          "module": "vb/action/builtin/restAction",
          "parameters": {
            "requestType": "json",
            "endpoint": "jsonplaceholderTypicodeCom/getTodos",
            "responseType": "page:getTodosResponse",
            "hookHandler": "{{ $variables.configuration.hookHandler }}"
          },
          "outcomes": {
            "success": "return1"
          }
        },
        "return1": {
          "module": "vb/action/builtin/returnAction",
          "parameters": {
            "outcome": "success",
            "payload": "{{ $chain.results.callRestEndpoint1 }}"
          }
        }
      },
      "variables": {
        "configuration": {
          "type": {
            "hookHandler": "vb/RestHookHandler"
          },
          "input": "fromCaller",
          "required": true
        }
      }
    }
  },
  "eventListeners": {
    "backButtonClicked": {
      "chains": [
        {
          "chainId": "goBackChain"
        }
      ]
    },
    "saveButtonClicked": {
      "chains": [
        {
          "chainId": "saveCourseChain"
        }
      ]
    },
    "vbEnter": {
      "chains": [
        {
          "chainId": "loadCourseChain"
        }
      ]
    }
  },
  "imports": {
    "components": {
      "oj-form-layout": {
        "path": "ojs/ojformlayout"
      },
      "oj-input-text": {
        "path": "ojs/ojinputtext"
      },
      "oj-toolbar": {
        "path": "ojs/ojtoolbar"
      },
      "oj-button": {
        "path": "ojs/ojbutton"
      },
      "oj-vb-list-item": {
        "path": "vb/components/list-item/loader"
      },
      "oj-list-view": {
        "path": "ojs/ojlistview"
      },
      "oj-label": {
        "path": "ojs/ojlabel"
      },
      "oj-chart": {
        "path": "ojs/ojchart"
      },
      "oj-chart-item": {
        "path": "ojs/ojchart"
      },
      "oj-table": {
        "path": "ojs/ojtable"
      }
    }
  }
}