{
  "pageModelVersion": "19.4.3",
  "title": "Edit Schedule",
  "description": "Updates single Schedule record",
  "variables": {
    "schedule": {
      "type": "page:getScheduleResponse"
    },
    "scheduleId": {
      "type": "string",
      "required": true,
      "input": "fromUrl"
    },
    "scheduleETag": {
      "type": "string"
    }
  },
  "metadata": {},
  "types": {
    "getScheduleResponse": {
      "course": "number",
      "endDate": "string",
      "location": "string",
      "startDate": "string",
      "venue": "string"
    },
    "@decorators.getScheduleResponse": {
      "endpoint": "get_Schedule",
      "service": "businessObjects",
      "path": "response"
    },
    "businessObjectsServiceErrorResponseType": {
      "body": {
        "status": "string",
        "title": "string",
        "o:errorDetails": [
          {
            "detail": "string",
            "o:errorCode": "string"
          }
        ]
      },
      "status": "number"
    }
  },
  "chains": {
    "goBackChain": {
      "root": "navigateBack",
      "actions": {
        "navigateBack": {
          "module": "vb/action/builtin/navigateBackAction",
          "outcomes": {
            "success": ""
          }
        }
      }
    },
    "loadScheduleChain": {
      "root": "loadSchedule",
      "actions": {
        "loadSchedule": {
          "module": "vb/action/builtin/restAction",
          "parameters": {
            "endpoint": "businessObjects/get_Schedule",
            "uriParams": {
              "Schedule_Id": "[[ $page.variables.scheduleId ]]"
            },
            "responseType": "page:getScheduleResponse"
          },
          "outcomes": {
            "success": "assignPayload",
            "failure": "fireErrorNotification"
          }
        },
        "assignPayload": {
          "module": "vb/action/builtin/assignVariablesAction",
          "parameters": {
            "$page.variables.schedule": {
              "source": "{{ $chain.results.loadSchedule.body }}"
            },
            "$page.variables.scheduleETag": {
              "source": "[[ $chain.results.loadSchedule.headers.get('ETag') ]]"
            }
          },
          "outcomes": {}
        },
        "fireErrorNotification": {
          "module": "vb/action/builtin/fireNotificationEventAction",
          "parameters": {
            "summary": "Could not load data",
            "message": "{{ 'Could not load data: status ' + $chain.results.loadSchedule.payload.status }}",
            "type": "error",
            "displayMode": "persist"
          },
          "outcomes": {}
        }
      }
    },
    "saveScheduleChain": {
      "variables": {
        "saveFailureResult": {
          "type": "page:businessObjectsServiceErrorResponseType"
        },
        "errorMessage": {
          "type": "string"
        },
        "saveHeaders": {
          "type": "object"
        }
      },
      "root": "checkETag",
      "actions": {
        "checkETag": {
          "module": "vb/action/builtin/ifAction",
          "parameters": {
            "condition": "[[ $page.variables.scheduleETag ]]"
          },
          "outcomes": {
            "true": "assignIfMatchHeader",
            "false": "saveSchedule"
          }
        },
        "assignIfMatchHeader": {
          "module": "vb/action/builtin/assignVariablesAction",
          "parameters": {
            "$chain.variables.saveHeaders": {
              "source": "[[ { 'If-Match': $page.variables.scheduleETag } ]]"
            }
          },
          "outcomes": {
            "success": "saveSchedule"
          }
        },
        "saveSchedule": {
          "module": "vb/action/builtin/restAction",
          "parameters": {
            "endpoint": "businessObjects/update_Schedule",
            "body": "{{ $page.variables.schedule }}",
            "requestType": "json",
            "uriParams": {
              "Schedule_Id": "[[ $page.variables.scheduleId ]]"
            },
            "headers": "[[ $chain.variables.saveHeaders ]]"
          },
          "outcomes": {
            "success": "assignPayload",
            "failure": "assignFailureResult"
          }
        },
        "assignPayload": {
          "module": "vb/action/builtin/assignVariablesAction",
          "parameters": {
            "$page.variables.schedule": {
              "source": "{{ $chain.results.saveSchedule.body }}"
            },
            "$page.variables.scheduleETag": {
              "source": "[[ $chain.results.saveSchedule.headers.get('ETag') ]]"
            }
          },
          "outcomes": {
            "success": "fireSuccessNotification"
          }
        },
        "fireSuccessNotification": {
          "module": "vb/action/builtin/fireNotificationEventAction",
          "parameters": {
            "summary": "Schedule saved",
            "message": "Schedule record successfully updated",
            "type": "confirmation",
            "displayMode": "transient"
          },
          "outcomes": {
            "success": "callGoBackChain"
          }
        },
        "callGoBackChain": {
          "module": "vb/action/builtin/callChainAction",
          "parameters": {
            "id": "goBackChain"
          }
        },
        "assignFailureResult": {
          "module": "vb/action/builtin/assignVariablesAction",
          "parameters": {
            "$chain.variables.saveFailureResult": {
              "source": "[[ $chain.results.saveSchedule.payload ]]"
            }
          },
          "outcomes": {
            "success": "testFailureDetails"
          }
        },
        "testFailureDetails": {
          "module": "vb/action/builtin/ifAction",
          "outcomes": {
            "true": "handleDetailedErrorMessage",
            "false": "handleDefaultErrorMessage"
          },
          "parameters": {
            "condition": "[[ $chain.variables.saveFailureResult.body['o:errorDetails'][0] ]]"
          }
        },
        "handleDetailedErrorMessage": {
          "module": "vb/action/builtin/assignVariablesAction",
          "outcomes": {
            "success": "fireErrorNotification"
          },
          "parameters": {
            "$chain.variables.errorMessage": {
              "source": "[[ $chain.variables.saveFailureResult.body['o:errorDetails'][0].detail ]]"
            }
          }
        },
        "handleDefaultErrorMessage": {
          "module": "vb/action/builtin/assignVariablesAction",
          "outcomes": {
            "success": "fireErrorNotification"
          },
          "parameters": {
            "$chain.variables.errorMessage": {
              "source": "[[ 'Could not update Schedule: status ' + $chain.results.saveSchedule.payload.status ]]"
            }
          }
        },
        "fireErrorNotification": {
          "module": "vb/action/builtin/fireNotificationEventAction",
          "parameters": {
            "summary": "Save failed",
            "message": "[[ $chain.variables.errorMessage ]]",
            "type": "error",
            "displayMode": "persist"
          }
        }
      }
    }
  },
  "eventListeners": {
    "backButtonClicked": {
      "chains": [
        {
          "chainId": "goBackChain"
        }
      ]
    },
    "saveButtonClicked": {
      "chains": [
        {
          "chainId": "saveScheduleChain"
        }
      ]
    },
    "vbEnter": {
      "chains": [
        {
          "chainId": "loadScheduleChain"
        }
      ]
    }
  },
  "imports": {
    "components": {
      "oj-form-layout": {
        "path": "ojs/ojformlayout"
      },
      "oj-input-number": {
        "path": "ojs/ojinputnumber"
      },
      "oj-input-date-time": {
        "path": "ojs/ojdatetimepicker"
      },
      "oj-input-text": {
        "path": "ojs/ojinputtext"
      },
      "oj-toolbar": {
        "path": "ojs/ojtoolbar"
      },
      "oj-button": {
        "path": "ojs/ojbutton"
      }
    }
  }
}