{
  "pageModelVersion": "19.4.3",
  "title": "",
  "description": "",
  "variables": {
    "courseListSDP": {
      "type": "vb/ServiceDataProvider",
      "defaultValue": {
        "endpoint": "businessObjects/getall_Course",
        "idAttribute": "id",
        "itemsPath": "items",
        "responseType": "page:getallCourseResponse"
      }
    },
    "courseSelectedId": {
      "type": "string",
      "defaultValue": ""
    },
    "courseListSDP2": {
      "type": "vb/ServiceDataProvider",
      "defaultValue": {
        "endpoint": "businessObjects/getall_Course",
        "idAttribute": "id",
        "itemsPath": "items",
        "responseType": "page:getallCourseResponse2"
      }
    }
  },
  "metadata": {},
  "types": {
    "getallCourseResponse": {
      "items": [
        {
          "description": "string",
          "id": "number",
          "subject": "string",
          "title": "string",
          "url": "string"
        }
      ]
    },
    "@decorators.getallCourseResponse": {
      "endpoint": "getall_Course",
      "service": "businessObjects",
      "path": "response"
    },
    "getallCourseResponse2": {
      "items": [
        {
          "description": "string",
          "id": "number",
          "subject": "string",
          "title": "string"
        }
      ]
    },
    "@decorators.getallCourseResponse2": {
      "endpoint": "getall_Course",
      "service": "businessObjects",
      "path": "response"
    }
  },
  "chains": {
    "courseChangeSelectionChain": {
      "variables": {
        "courseId": {
          "type": "string",
          "input": "fromCaller",
          "defaultValue": ""
        }
      },
      "root": "assignVariable",
      "actions": {
        "assignVariable": {
          "module": "vb/action/builtin/assignVariablesAction",
          "parameters": {
            "$page.variables.courseSelectedId": {
              "source": "[[ $chain.variables.courseId ]]"
            }
          },
          "outcomes": {
            "success": "navigateToPage1"
          }
        },
        "navigateToPage1": {
          "module": "vb/action/builtin/navigateToPageAction",
          "parameters": {
            "page": "EditCourse",
            "params": {
              "courseId": "{{ $chain.variables.courseId }}"
            }
          }
        }
      }
    },
    "navigateToEditCourseChain": {
      "root": "navigateToEdit",
      "variables": {
        "courseId": {
          "type": "string",
          "input": "fromCaller",
          "required": true
        }
      },
      "actions": {
        "navigateToEdit": {
          "module": "vb/action/builtin/navigateToPageAction",
          "parameters": {
            "history": "push",
            "page": "EditCourse",
            "params": {
              "courseId": "[[ $chain.variables.courseId ]]"
            }
          },
          "outcomes": {
            "success": ""
          }
        }
      }
    },
    "navigateToCreateCourseChain": {
      "root": "navigateToCreate",
      "actions": {
        "navigateToCreate": {
          "module": "vb/action/builtin/navigateToPageAction",
          "parameters": {
            "history": "push",
            "page": "main-create-course",
            "params": {}
          },
          "outcomes": {
            "success": ""
          }
        }
      }
    },
    "navigateToEditCourseChain2": {
      "root": "navigateToEdit",
      "variables": {
        "courseId": {
          "type": "string",
          "input": "fromCaller",
          "required": true
        }
      },
      "actions": {
        "navigateToEdit": {
          "module": "vb/action/builtin/navigateToPageAction",
          "parameters": {
            "history": "push",
            "page": "EditCourse",
            "params": {
              "courseId": "[[ $chain.variables.courseId ]]"
            }
          },
          "outcomes": {
            "success": ""
          }
        }
      }
    },
    "navigateToCreateCourseChain2": {
      "root": "navigateToCreate",
      "actions": {
        "navigateToCreate": {
          "module": "vb/action/builtin/navigateToPageAction",
          "parameters": {
            "history": "push",
            "page": "CreateCourse",
            "params": {}
          },
          "outcomes": {
            "success": ""
          }
        }
      }
    },
    "ButtonActionChain": {
      "description": "",
      "variables": {
        "detail": {
          "required": true,
          "type": "any",
          "input": "fromCaller"
        }
      },
      "root": "navigateToPage1",
      "actions": {
        "navigateToPage1": {
          "module": "vb/action/builtin/navigateToPageAction",
          "parameters": {
            "page": "main-start"
          }
        }
      }
    }
  },
  "eventListeners": {
    "courseSelectionChanged": {
      "chains": [
        {
          "chainId": "courseChangeSelectionChain",
          "parameters": {
            "courseId": "[[ $event.detail.value.key || '' ]]"
          }
        }
      ]
    },
    "editCourseButtonClicked": {
      "chains": [
        {
          "chainId": "navigateToEditCourseChain",
          "parameters": {
            "courseId": "[[ $page.variables.courseSelectedId ]]"
          }
        }
      ]
    },
    "createCourseButtonClicked": {
      "chains": [
        {
          "chainId": "navigateToCreateCourseChain"
        }
      ]
    },
    "editCourseButtonClicked2": {
      "chains": [
        {
          "chainId": "navigateToEditCourseChain2",
          "parameters": {
            "courseId": "[[ $page.variables.courseSelectedId ]]"
          }
        }
      ]
    },
    "createCourseButtonClicked2": {
      "chains": [
        {
          "chainId": "navigateToCreateCourseChain2"
        }
      ]
    },
    "ojButtonOjAction": {
      "chains": [
        {
          "chainId": "ButtonActionChain",
          "parameters": {
            "detail": "{{ $event.detail }}"
          }
        }
      ]
    }
  },
  "imports": {
    "components": {
      "oj-button": {
        "path": "ojs/ojbutton"
      },
      "oj-vb-list-item": {
        "path": "vb/components/list-item/loader"
      },
      "oj-toolbar": {
        "path": "ojs/ojtoolbar"
      },
      "oj-list-view": {
        "path": "ojs/ojlistview"
      },
      "oj-label": {
        "path": "ojs/ojlabel"
      }
    }
  }
}