{
  "pageModelVersion": "19.4.3",
  "title": "",
  "description": "",
  "variables": {
    "scheduleListSDP": {
      "type": "vb/ServiceDataProvider",
      "defaultValue": {
        "endpoint": "businessObjects/getall_Schedule",
        "idAttribute": "id",
        "itemsPath": "items",
        "responseType": "page:getallScheduleResponse"
      }
    },
    "scheduleSelectedId": {
      "type": "string",
      "defaultValue": ""
    }
  },
  "metadata": {},
  "types": {
    "getallScheduleResponse": {
      "items": [
        {
          "course": "number",
          "endDate": "string",
          "id": "number",
          "location": "string",
          "startDate": "string",
          "venue": "string"
        }
      ]
    },
    "@decorators.getallScheduleResponse": {
      "endpoint": "getall_Schedule",
      "service": "businessObjects",
      "path": "response"
    }
  },
  "chains": {
    "scheduleChangeSelectionChain": {
      "variables": {
        "scheduleId": {
          "type": "string",
          "input": "fromCaller",
          "defaultValue": ""
        }
      },
      "root": "assignVariable",
      "actions": {
        "assignVariable": {
          "module": "vb/action/builtin/assignVariablesAction",
          "parameters": {
            "$page.variables.scheduleSelectedId": {
              "source": "[[ $chain.variables.scheduleId ]]"
            }
          },
          "outcomes": {
            "success": "navigateToPage1"
          }
        },
        "navigateToPage1": {
          "module": "vb/action/builtin/navigateToPageAction",
          "parameters": {
            "page": "EditSchedule",
            "params": {
              "scheduleId": "{{ $chain.variables.scheduleId }}"
            }
          }
        }
      }
    },
    "navigateToEditScheduleChain": {
      "root": "navigateToEdit",
      "variables": {
        "scheduleId": {
          "type": "string",
          "input": "fromCaller",
          "required": true
        }
      },
      "actions": {
        "navigateToEdit": {
          "module": "vb/action/builtin/navigateToPageAction",
          "parameters": {
            "history": "push",
            "page": "EditSchedule",
            "params": {
              "scheduleId": "[[ $chain.variables.scheduleId ]]"
            }
          },
          "outcomes": {
            "success": ""
          }
        }
      }
    },
    "navigateToCreateScheduleChain": {
      "root": "navigateToCreate",
      "actions": {
        "navigateToCreate": {
          "module": "vb/action/builtin/navigateToPageAction",
          "parameters": {
            "history": "push",
            "page": "CreateSchedule",
            "params": {}
          },
          "outcomes": {
            "success": ""
          }
        }
      }
    },
    "ButtonActionChain": {
      "description": "",
      "variables": {
        "detail": {
          "required": true,
          "type": "any",
          "input": "fromCaller"
        }
      },
      "root": "navigateToPage1",
      "actions": {
        "navigateToPage1": {
          "module": "vb/action/builtin/navigateToPageAction",
          "parameters": {
            "page": "main-start"
          }
        }
      }
    }
  },
  "eventListeners": {
    "scheduleSelectionChanged": {
      "chains": [
        {
          "chainId": "scheduleChangeSelectionChain",
          "parameters": {
            "scheduleId": "[[ $event.detail.value.key || '' ]]"
          }
        }
      ]
    },
    "editScheduleButtonClicked": {
      "chains": [
        {
          "chainId": "navigateToEditScheduleChain",
          "parameters": {
            "scheduleId": "[[ $page.variables.scheduleSelectedId ]]"
          }
        }
      ]
    },
    "createScheduleButtonClicked": {
      "chains": [
        {
          "chainId": "navigateToCreateScheduleChain"
        }
      ]
    },
    "ojButtonOjAction": {
      "chains": [
        {
          "chainId": "ButtonActionChain",
          "parameters": {
            "detail": "{{ $event.detail }}"
          }
        }
      ]
    }
  },
  "imports": {
    "components": {
      "oj-list-view": {
        "path": "ojs/ojlistview"
      },
      "oj-vb-list-item": {
        "path": "vb/components/list-item/loader"
      },
      "oj-label": {
        "path": "ojs/ojlabel"
      },
      "oj-toolbar": {
        "path": "ojs/ojtoolbar"
      },
      "oj-button": {
        "path": "ojs/ojbutton"
      }
    }
  }
}