{
  "pageModelVersion": "19.4.3",
  "title": "",
  "description": "",
  "variables": {
    "classListSDP": {
      "type": "vb/ServiceDataProvider",
      "defaultValue": {
        "endpoint": "businessObjects/getall_Class",
        "idAttribute": "id",
        "itemsPath": "items",
        "responseType": "page:getallClassResponse"
      }
    },
    "classListSDP2": {
      "type": "vb/ServiceDataProvider",
      "defaultValue": {
        "endpoint": "businessObjects/getall_Class",
        "idAttribute": "id",
        "itemsPath": "items",
        "responseType": "page:getallClassResponse2"
      }
    },
    "classListSDP3": {
      "type": "vb/ServiceDataProvider",
      "defaultValue": {
        "endpoint": "businessObjects/getall_Class",
        "idAttribute": "id",
        "itemsPath": "items",
        "responseType": "page:getallClassResponse3"
      }
    },
    "classListSDP4": {
      "type": "vb/ServiceDataProvider",
      "defaultValue": {
        "endpoint": "businessObjects/getall_Class",
        "idAttribute": "id",
        "itemsPath": "items",
        "responseType": "page:getallClassResponse4"
      }
    },
    "classListSDP5": {
      "type": "vb/ServiceDataProvider",
      "defaultValue": {
        "endpoint": "businessObjects/getall_Class",
        "idAttribute": "id",
        "itemsPath": "items",
        "responseType": "page:getallClassResponse5"
      }
    },
    "classListSDP6": {
      "type": "vb/ServiceDataProvider",
      "defaultValue": {
        "endpoint": "businessObjects/getall_Class",
        "idAttribute": "id",
        "itemsPath": "items",
        "responseType": "page:getallClassResponse6"
      }
    },
    "classListSDP7": {
      "type": "vb/ServiceDataProvider",
      "defaultValue": {
        "endpoint": "businessObjects/getall_Class",
        "idAttribute": "id",
        "itemsPath": "items",
        "responseType": "page:getallClassResponse7"
      }
    },
    "classSelectedId": {
      "type": "string",
      "defaultValue": ""
    },
    "oj_list_view_1178569878_1SelectedId": {
      "type": "string",
      "defaultValue": ""
    },
    "classListSDP8": {
      "type": "vb/ServiceDataProvider",
      "defaultValue": {
        "endpoint": "businessObjects/getall_Class",
        "idAttribute": "id",
        "itemsPath": "items",
        "responseType": "page:getallClassResponse8"
      }
    },
    "classListSDP9": {
      "type": "vb/ServiceDataProvider",
      "defaultValue": {
        "endpoint": "businessObjects/getall_Class",
        "idAttribute": "id",
        "itemsPath": "items",
        "responseType": "page:getallClassResponse9"
      }
    }
  },
  "metadata": {},
  "types": {
    "getallClassResponse": {
      "items": [
        {
          "durationMins": "number",
          "id": "number"
        }
      ]
    },
    "@decorators.getallClassResponse": {
      "endpoint": "getall_Class",
      "service": "businessObjects",
      "path": "response"
    },
    "getallClassResponse2": {
      "items": [
        {
          "id": "number"
        }
      ]
    },
    "@decorators.getallClassResponse2": {
      "endpoint": "getall_Class",
      "service": "businessObjects",
      "path": "response"
    },
    "getallClassResponse3": {
      "items": [
        {
          "description": "string",
          "details": "string",
          "id": "number",
          "title": "string"
        }
      ]
    },
    "@decorators.getallClassResponse3": {
      "endpoint": "getall_Class",
      "service": "businessObjects",
      "path": "response"
    },
    "getallClassResponse4": {
      "items": [
        {
          "id": "number",
          "title": "string"
        }
      ]
    },
    "@decorators.getallClassResponse4": {
      "endpoint": "getall_Class",
      "service": "businessObjects",
      "path": "response"
    },
    "getallClassResponse5": {
      "items": [
        {
          "description": "string",
          "id": "number",
          "title": "string"
        }
      ]
    },
    "@decorators.getallClassResponse5": {
      "endpoint": "getall_Class",
      "service": "businessObjects",
      "path": "response"
    },
    "getallClassResponse6": {
      "items": [
        {
          "description": "string",
          "id": "number",
          "title": "string"
        }
      ]
    },
    "@decorators.getallClassResponse6": {
      "endpoint": "getall_Class",
      "service": "businessObjects",
      "path": "response"
    },
    "getallClassResponse7": {
      "items": [
        {
          "description": "string",
          "details": "string",
          "durationMins": "number",
          "id": "number",
          "title": "string"
        }
      ]
    },
    "@decorators.getallClassResponse7": {
      "endpoint": "getall_Class",
      "service": "businessObjects",
      "path": "response"
    },
    "getallClassResponse8": {
      "items": [
        {
          "description": "string",
          "id": "number",
          "title": "string"
        }
      ]
    },
    "@decorators.getallClassResponse8": {
      "endpoint": "getall_Class",
      "service": "businessObjects",
      "path": "response"
    },
    "getallClassResponse9": {
      "items": [
        {
          "description": "string",
          "details": "string",
          "durationMins": "number",
          "id": "number",
          "title": "string"
        }
      ]
    },
    "@decorators.getallClassResponse9": {
      "endpoint": "getall_Class",
      "service": "businessObjects",
      "path": "response"
    }
  },
  "chains": {
    "classChangeSelectionChain": {
      "variables": {
        "classId": {
          "type": "string",
          "input": "fromCaller",
          "defaultValue": ""
        }
      },
      "root": "assignVariable",
      "actions": {
        "assignVariable": {
          "module": "vb/action/builtin/assignVariablesAction",
          "parameters": {
            "$page.variables.classSelectedId": {
              "source": "[[ $chain.variables.classId ]]"
            }
          },
          "outcomes": {
            "success": "navigateToPage1"
          }
        },
        "navigateToPage1": {
          "module": "vb/action/builtin/navigateToPageAction",
          "parameters": {
            "page": "EditClass",
            "params": {
              "classId": "{{ $chain.variables.classId }}"
            }
          }
        }
      }
    },
    "navigateToEditClassChain": {
      "root": "navigateToEdit",
      "variables": {
        "classId": {
          "type": "string",
          "input": "fromCaller",
          "required": true
        }
      },
      "actions": {
        "navigateToEdit": {
          "module": "vb/action/builtin/navigateToPageAction",
          "parameters": {
            "history": "push",
            "page": "main-edit-class",
            "params": {
              "classId": "[[ $chain.variables.classId ]]"
            }
          },
          "outcomes": {
            "success": ""
          }
        }
      }
    },
    "oj_list_view_1178569878_1ChangeSelectionChain": {
      "variables": {
        "classId": {
          "type": "string",
          "input": "fromCaller",
          "defaultValue": ""
        }
      },
      "root": "assignVariable",
      "actions": {
        "assignVariable": {
          "module": "vb/action/builtin/assignVariablesAction",
          "parameters": {
            "$page.variables.oj_list_view_1178569878_1SelectedId": {
              "source": "[[ $chain.variables.classId ]]"
            }
          },
          "outcomes": {
            "success": ""
          }
        }
      }
    },
    "navigateToEditClassChain2": {
      "root": "navigateToEdit",
      "variables": {
        "classId": {
          "type": "string",
          "input": "fromCaller",
          "required": true
        }
      },
      "actions": {
        "navigateToEdit": {
          "module": "vb/action/builtin/navigateToPageAction",
          "parameters": {
            "history": "push",
            "page": "EditClass",
            "params": {
              "classId": "[[ $chain.variables.classId ]]"
            }
          },
          "outcomes": {
            "success": ""
          }
        }
      }
    },
    "navigateToEditClassChain3": {
      "root": "navigateToEdit",
      "variables": {
        "classId": {
          "type": "string",
          "input": "fromCaller",
          "required": true
        }
      },
      "actions": {
        "navigateToEdit": {
          "module": "vb/action/builtin/navigateToPageAction",
          "parameters": {
            "history": "push",
            "page": "main-edit-class2",
            "params": {
              "classId": "[[ $chain.variables.classId ]]"
            }
          },
          "outcomes": {
            "success": ""
          }
        }
      }
    },
    "navigateToEditClassChain4": {
      "root": "navigateToEdit",
      "variables": {
        "classId": {
          "type": "string",
          "input": "fromCaller",
          "required": true
        }
      },
      "actions": {
        "navigateToEdit": {
          "module": "vb/action/builtin/navigateToPageAction",
          "parameters": {
            "history": "push",
            "page": "EditClass",
            "params": {
              "classId": "[[ $chain.variables.classId ]]"
            }
          },
          "outcomes": {
            "success": ""
          }
        }
      }
    },
    "navigateToCreateClassChain": {
      "root": "navigateToCreate",
      "actions": {
        "navigateToCreate": {
          "module": "vb/action/builtin/navigateToPageAction",
          "parameters": {
            "history": "push",
            "page": "CreateClass",
            "params": {}
          },
          "outcomes": {
            "success": ""
          }
        }
      }
    },
    "ButtonActionChain": {
      "description": "",
      "variables": {
        "detail": {
          "required": true,
          "type": "any",
          "input": "fromCaller"
        }
      },
      "root": "navigateToPage1",
      "actions": {
        "navigateToPage1": {
          "module": "vb/action/builtin/navigateToPageAction",
          "parameters": {
            "page": "main-start"
          }
        }
      }
    }
  },
  "eventListeners": {
    "classSelectionChanged": {
      "chains": [
        {
          "chainId": "classChangeSelectionChain",
          "parameters": {
            "classId": "[[ $event.detail.value.key || '' ]]"
          }
        }
      ]
    },
    "editClassButtonClicked": {
      "chains": [
        {
          "chainId": "navigateToEditClassChain",
          "parameters": {
            "classId": "[[ $page.variables.classSelectedId ]]"
          }
        }
      ]
    },
    "editClassButtonClicked2": {
      "chains": [
        {
          "chainId": "navigateToEditClassChain2",
          "parameters": {
            "classId": "[[ $page.variables.oj_list_view_1178569878_1SelectedId ]]"
          }
        }
      ]
    },
    "editClassButtonClicked3": {
      "chains": [
        {
          "chainId": "navigateToEditClassChain3",
          "parameters": {
            "classId": "[[ $page.variables.classSelectedId ]]"
          }
        }
      ]
    },
    "editClassButtonClicked4": {
      "chains": [
        {
          "chainId": "navigateToEditClassChain4",
          "parameters": {
            "classId": "[[ $page.variables.oj_list_view_1178569878_1SelectedId ]]"
          }
        }
      ]
    },
    "createClassButtonClicked": {
      "chains": [
        {
          "chainId": "navigateToCreateClassChain"
        }
      ]
    },
    "ojButtonOjAction": {
      "chains": [
        {
          "chainId": "ButtonActionChain",
          "parameters": {
            "detail": "{{ $event.detail }}"
          }
        }
      ]
    }
  },
  "imports": {
    "components": {
      "oj-list-view": {
        "path": "ojs/ojlistview"
      },
      "oj-vb-list-item": {
        "path": "vb/components/list-item/loader"
      },
      "oj-toolbar": {
        "path": "ojs/ojtoolbar"
      },
      "oj-label": {
        "path": "ojs/ojlabel"
      },
      "oj-button": {
        "path": "ojs/ojbutton"
      },
      "oj-table": {
        "path": "ojs/ojtable"
      }
    }
  }
}