{
    "displayLabel": "ClassFeedback",
    "fields": [
        {
            "displayLabel": "Id",
            "internal": true,
            "key": true,
            "name": "id",
            "oid": "8ffeb508-b72d-491d-b1c6-d91172a73af1",
            "required": true,
            "type": "number",
            "unique": true
        },
        {
            "displayLabel": "Created",
            "internal": true,
            "name": "creationDate",
            "oid": "b846b7aa-e812-40e7-90aa-243fa356c815",
            "type": "datetime"
        },
        {
            "displayLabel": "Last Updated",
            "internal": true,
            "name": "lastUpdateDate",
            "oid": "1784f1f7-0008-4350-9175-287a010a5258",
            "type": "datetime"
        },
        {
            "displayLabel": "Created By",
            "internal": true,
            "name": "createdBy",
            "oid": "e77bc633-f538-4f94-9c7f-42a7280a18f4",
            "type": "string"
        },
        {
            "displayLabel": "Last Updated By",
            "internal": true,
            "name": "lastUpdatedBy",
            "oid": "6e5e6c43-443c-4929-bff4-3d29067497d0",
            "type": "string"
        },
        {
            "displayLabel": "<internal>",
            "hidden": true,
            "internal": true,
            "name": "abcsChangeNumber",
            "oid": "6352c6ea-8402-4a3c-a1c6-9975585fe80b",
            "type": "number"
        },
        {
            "displayLabel": "Class",
            "name": "class",
            "oid": "902ffb8d-dcde-4e50-8cdf-a74493ba0bc2",
            "type": "number"
        },
        {
            "displayLabel": "Rating",
            "name": "rating",
            "oid": "10662b0c-ee9d-4506-8d36-c51a4299a093",
            "type": "number"
        },
        {
            "displayLabel": "Feedback",
            "name": "feedback",
            "oid": "22d27e4b-55b4-4e2c-8fa4-68415e0e4ce5",
            "type": "string"
        },
        {
            "displayLabel": "Participant",
            "name": "participant",
            "oid": "429c73c3-2ee5-4156-aaaf-bfa0dff418fa",
            "type": "string"
        }
    ],
    "name": "ClassFeedback",
    "oid": "59c8e161-a597-4239-aa0c-413d4d8e08e4"
}