{
    "displayLabel": "OrderLineItems",
    "fields": [
        {
            "displayLabel": "Id",
            "internal": true,
            "key": true,
            "name": "id",
            "oid": "803e209f-22b3-4520-8869-80e7852619c0",
            "required": true,
            "type": "number",
            "unique": true
        },
        {
            "displayLabel": "Created",
            "internal": true,
            "name": "creationDate",
            "oid": "45ad1f68-2f6e-4a1b-8208-577ac8954828",
            "type": "datetime"
        },
        {
            "displayLabel": "Last Updated",
            "internal": true,
            "name": "lastUpdateDate",
            "oid": "e3b0a12e-37bb-492d-888c-be9a9b730aec",
            "type": "datetime"
        },
        {
            "displayLabel": "Created By",
            "internal": true,
            "name": "createdBy",
            "oid": "5e5e9657-49f0-41d5-a6e5-d849fcea07e2",
            "type": "string"
        },
        {
            "displayLabel": "Last Updated By",
            "internal": true,
            "name": "lastUpdatedBy",
            "oid": "eeaaee03-c8b6-4b8f-af9d-81456b63b8d8",
            "type": "string"
        },
        {
            "displayLabel": "<internal>",
            "hidden": true,
            "internal": true,
            "name": "abcsChangeNumber",
            "oid": "d6356d61-3ae9-48eb-8395-64838d2f4e34",
            "type": "number"
        },
        {
            "displayLabel": "orderLineNumber",
            "name": "orderLineNumber",
            "oid": "3f946efe-0b67-4d43-a4f4-b690c938f6e6",
            "type": "number"
        },
        {
            "displayLabel": "orderNumber",
            "name": "orderNumber",
            "oid": "5cdd1686-b35c-47e1-9f20-dd7a760a0700",
            "type": "number"
        },
        {
            "displayLabel": "productNumber",
            "name": "productNumber",
            "oid": "34fd4093-255d-4912-b533-c3b0024e3cc7",
            "type": "string"
        },
        {
            "displayLabel": "productDescription",
            "name": "productDescription",
            "oid": "a0a4b12e-1108-405e-b495-983151b37412",
            "type": "string"
        },
        {
            "displayLabel": "currencyCode",
            "name": "currencyCode",
            "oid": "630e5ed4-2046-4adb-8288-2922da8e4489",
            "type": "string"
        },
        {
            "displayLabel": "unitSellingPrice",
            "name": "unitSellingPrice",
            "oid": "f427b893-d175-4de8-a48f-b8fedf0f676a",
            "type": "number"
        },
        {
            "displayLabel": "orderedQuantity",
            "name": "orderedQuantity",
            "oid": "ede8da7e-b693-4b6d-92df-830eca599191",
            "type": "number"
        },
        {
            "displayLabel": "onhandQuantity",
            "name": "onhandQuantity",
            "oid": "c82847e7-6441-4f48-aa21-839c43d69e75",
            "type": "string"
        },
        {
            "displayLabel": "organizationid",
            "name": "organizationid",
            "oid": "81794867-ced6-48ca-b473-9da29893379e",
            "type": "string"
        },
        {
            "displayLabel": "isApproved",
            "name": "isApproved",
            "oid": "3c111085-0011-4d26-8234-f56739389a3c",
            "type": "boolean"
        },
        {
            "name": "orderDetails",
            "oid": "81aec804-bc7d-40a6-bc57-3b1cc31ef6d8",
            "required": true,
            "displayLabel": "OrderDetails",
            "type": "reference"
        }
    ],
    "name": "OrderLineItems",
    "oid": "610562db-b5d7-4b6e-b493-b66e9af6e5c0",
    "relationships": [
        {
            "name": "orderDetailsObject",
            "reverseRelationship": "orderLineItemsCollectio",
            "targetEntity": "OrderDetails",
            "type": "outgoing",
            "exposeAccessor": true,
            "mappingField": "orderDetails",
            "deleteRule": "cascade"
        }
    ]
}