{
    "displayLabel": "Travel Requests",
    "fields": [
        {
            "displayLabel": "Id",
            "internal": true,
            "key": true,
            "name": "id",
            "oid": "209a0cfa-07de-41c1-981b-7283f953f228",
            "required": true,
            "type": "number",
            "unique": true
        },
        {
            "displayLabel": "Created",
            "internal": true,
            "name": "creationDate",
            "oid": "50d8dc0f-ca66-4286-8f33-433fa9758e53",
            "type": "datetime"
        },
        {
            "displayLabel": "Last Updated",
            "internal": true,
            "name": "lastUpdateDate",
            "oid": "12866ffc-681c-44e4-902f-7a5d7038b62f",
            "type": "datetime"
        },
        {
            "displayLabel": "Created By",
            "internal": true,
            "name": "createdBy",
            "oid": "1240fb79-f504-48be-8b8b-78a157fa4c28",
            "type": "string"
        },
        {
            "displayLabel": "Last Updated By",
            "internal": true,
            "name": "lastUpdatedBy",
            "oid": "c9d440d7-58f9-4d86-aea4-07438fe698f9",
            "type": "string"
        },
        {
            "displayLabel": "<internal>",
            "hidden": true,
            "internal": true,
            "name": "abcsChangeNumber",
            "oid": "73f68eba-3268-45be-9c96-164c1cf515b8",
            "type": "number"
        },
        {
            "displayLabel": "Traveler",
            "name": "traveler",
            "oid": "1d7687ba-6788-4ff2-8ed8-0037815d026f",
            "type": "string"
        },
        {
            "displayLabel": "From",
            "name": "from1",
            "oid": "e28ac8a0-f8f7-43e1-a783-fd19acccf699",
            "type": "string"
        },
        {
            "displayLabel": "To",
            "name": "to1",
            "oid": "3dd4cfae-e831-41ad-bb4e-b2ed3fd8f0c8",
            "type": "string"
        },
        {
            "displayLabel": "Cost",
            "name": "cost",
            "oid": "de82702a-0a61-402e-b6bc-f2d3e7661ddb",
            "type": "number"
        },
        {
            "displayLabel": "Date",
            "name": "date1",
            "oid": "32a1961c-0bc8-4c06-a9e4-64870999e719",
            "type": "date"
        },
        {
            "defaultValue": {
                "server": {
                    "type": "static",
                    "value": false
                }
            },
            "name": "approved",
            "oid": "ac755ba2-c93d-46cf-ab84-997b940081fe",
            "displayLabel": "Approved",
            "type": "boolean"
        },
        {
            "name": "airline",
            "oid": "1c8bb097-c2e5-4c4f-a0ba-b3c85396f0ae",
            "displayLabel": "Airline",
            "type": "reference"
        }
    ],
    "name": "TravelRequests",
    "oid": "4592d523-9039-4ba5-b57d-3a501b0e14a2",
    "relationships": [
        {
            "name": "airlineObject",
            "reverseRelationship": "travelRequestsCollectio",
            "targetEntity": "Airline",
            "type": "outgoing",
            "exposeAccessor": true,
            "mappingField": "airline",
            "deleteRule": "restrict"
        }
    ]
}