id,creationDate,lastUpdateDate,createdBy,lastUpdatedBy,traveler,from1,to1,cost,date1,approved,airline
1,2020-08-02T11:17:10,2020-08-02T11:17:10,jayeshsinghthakur1@gmail.com,jayeshsinghthakur1@gmail.com,Shay,US,IL,1200.0,2018-02-06,,
2,2020-08-02T11:17:10,2020-08-02T11:43:21,jayeshsinghthakur1@gmail.com,jayeshsinghthakur1@gmail.com,Brian,US,GB,800.0,2018-05-09,true,
3,2020-08-02T11:17:10,2020-08-02T11:17:10,jayeshsinghthakur1@gmail.com,jayeshsinghthakur1@gmail.com,Sherry,IN,CN,1100.0,2018-04-02,,
4,2020-08-02T11:17:10,2020-08-02T11:17:10,jayeshsinghthakur1@gmail.com,jayeshsinghthakur1@gmail.com,John,CA,FR,2200.0,2018-02-06,,
5,2020-08-02T11:17:10,2020-08-02T11:17:10,jayeshsinghthakur1@gmail.com,jayeshsinghthakur1@gmail.com,Shay,US,CA,400.0,2018-05-09,,
6,2020-08-02T11:17:10,2020-08-02T11:17:10,jayeshsinghthakur1@gmail.com,jayeshsinghthakur1@gmail.com,Brian,US,GR,1100.0,2018-04-02,,
7,2020-08-02T11:17:10,2020-08-02T11:17:10,jayeshsinghthakur1@gmail.com,jayeshsinghthakur1@gmail.com,Sherry,IN,JP,1500.0,2018-12-08,,
8,2020-08-02T11:17:10,2020-08-02T11:17:10,jayeshsinghthakur1@gmail.com,jayeshsinghthakur1@gmail.com,John,CA,AF,900.0,2018-11-08,,
