{
  "pageModelVersion": "18.4.1",
  "title": "",
  "description": "",
  "variables": {},
  "types": {},
  "chains": {
    "LCListAction": {
      "description": "",
      "variables": {
        "detail": {
          "required": true,
          "type": "any",
          "input": "fromCaller"
        }
      },
      "root": "NavigateTOLCListPage",
      "actions": {
        "NavigateTOLCListPage": {
          "module": "vb/action/builtin/navigateToPageAction",
          "parameters": {
            "page": "lclistpage"
          }
        }
      }
    },
    "ButtonAction": {
      "description": "",
      "variables": {
        "detail": {
          "required": true,
          "type": "any",
          "input": "fromCaller"
        }
      },
      "root": "navigateToPOListPage",
      "actions": {
        "navigateToPOListPage": {
          "module": "vb/action/builtin/navigateToPageAction",
          "parameters": {
            "page": "polistpage"
          }
        }
      }
    }
  },
  "eventListeners": {
    "ojButton13665743181OjAction": {
      "chains": [
        {
          "chainId": "LCListAction",
          "parameters": {
            "detail": "{{ $event.detail }}"
          }
        }
      ]
    },
    "ojButton13665743182OjAction": {
      "chains": [
        {
          "chainId": "ButtonAction",
          "parameters": {
            "detail": "{{ $event.detail }}"
          }
        }
      ]
    }
  },
  "imports": {
    "components": {
      "oj-button": {
        "path": "ojs/ojbutton"
      }
    }
  }
}