{
  "pageModelVersion": "19.4.3",
  "title": "",
  "description": "",
  "variables": {
    "orderDetailsListSDP": {
      "type": "vb/ServiceDataProvider",
      "defaultValue": {
        "endpoint": "businessObjects/getall_OrderDetails",
        "idAttribute": "id",
        "itemsPath": "items",
        "responseType": "page:getallOrderDetailsResponse"
      }
    },
    "orderDetailsListSDP2": {
      "type": "vb/ServiceDataProvider",
      "defaultValue": {
        "endpoint": "businessObjects/getall_OrderDetails",
        "idAttribute": "id",
        "itemsPath": "items",
        "responseType": "page:getallOrderDetailsResponse2"
      }
    },
    "orderLineItemsListSDP": {
      "type": "vb/ServiceDataProvider",
      "defaultValue": {
        "endpoint": "businessObjects/getall_OrderLineItems",
        "idAttribute": "id",
        "itemsPath": "items",
        "responseType": "page:getallOrderLineItemsResponse"
      }
    },
    "SingleOrderDetails": {
      "type": "get_OrderDetails"
    },
    "SelectedLineItem": {
      "type": "getallOrderLineItemsResponse"
    }
  },
  "metadata": {},
  "types": {
    "getallOrderDetailsResponse": {
      "items": [
        {
          "buyingPartyContactName": "string",
          "buyingPartyName": "string",
          "id": "number",
          "orderNumber": "number"
        }
      ]
    },
    "@decorators.getallOrderDetailsResponse": {
      "endpoint": "getall_OrderDetails",
      "service": "businessObjects",
      "path": "response"
    },
    "getallOrderDetailsResponse2": {
      "items": [
        {
          "buyingPartyContactName": "string",
          "buyingPartyName": "string",
          "id": "number",
          "orderNumber": "number"
        }
      ]
    },
    "@decorators.getallOrderDetailsResponse2": {
      "endpoint": "getall_OrderDetails",
      "service": "businessObjects",
      "path": "response"
    },
    "getallOrderLineItemsResponse": {
      "items": [
        {
          "currencyCode": "string",
          "id": "number",
          "onhandQuantity": "string",
          "orderedQuantity": "number",
          "orderLineNumber": "number",
          "orderNumber": "number",
          "productDescription": "string",
          "productNumber": "string",
          "unitSellingPrice": "number"
        }
      ]
    },
    "@decorators.getallOrderLineItemsResponse": {
      "endpoint": "getall_OrderLineItems",
      "service": "businessObjects",
      "path": "response"
    },
    "@decorators.get_OrderDetails": {
      "endpoint": "get_OrderDetails",
      "service": "businessObjects",
      "path": "response"
    },
    "get_OrderDetails": {
      "buyingPartyContactName": "string",
      "buyingPartyName": "string",
      "orderNumber": "number"
    }
  },
  "chains": {
    "TableFirstSelectedRowChangeChain": {
      "description": "",
      "variables": {
        "rowKey": {
          "required": true,
          "type": "any",
          "input": "fromCaller"
        },
        "rowData": {
          "required": true,
          "type": "any",
          "input": "fromCaller"
        }
      },
      "root": "assignVariables1",
      "actions": {
        "assignVariables1": {
          "module": "vb/action/builtin/assignVariablesAction",
          "parameters": {
            "$page.variables.SingleOrderDetails": {
              "source": "{{ $chain.variables.rowData }}",
              "auto": "always"
            }
          },
          "outcomes": {
            "success": "assignVariables2"
          }
        },
        "assignVariables2": {
          "module": "vb/action/builtin/assignVariablesAction",
          "parameters": {
            "$page.variables.orderLineItemsListSDP": {
              "source": {
                "filterCriterion": {
                  "criteria": [
                    {
                      "value": "{{ $page.variables.SingleOrderDetails.orderNumber }}",
                      "attribute": "{{ \"orderNumber\" }}",
                      "op": "{{ \"$eq\" }}"
                    }
                  ]
                }
              },
              "reset": "none",
              "auto": "always",
              "mapping": {
                "$target.filterCriterion": {
                  "source": "$source.filterCriterion",
                  "reset": "none",
                  "auto": "always",
                  "mapping": {
                    "$target.criteria": {
                      "source": "$source.criteria",
                      "reset": "empty",
                      "auto": "always"
                    }
                  }
                }
              }
            }
          }
        }
      }
    },
    "ButtonActionChain": {
      "description": "",
      "variables": {
        "detail": {
          "required": true,
          "type": "any",
          "input": "fromCaller"
        },
        "key": {
          "required": true,
          "type": "any",
          "input": "fromCaller"
        },
        "index": {
          "required": true,
          "type": "number",
          "input": "fromCaller"
        },
        "current": {
          "required": true,
          "type": "any",
          "input": "fromCaller"
        }
      },
      "root": "callRestEndpoint1",
      "actions": {
        "callRestEndpoint1": {
          "module": "vb/action/builtin/restAction",
          "parameters": {
            "endpoint": "businessObjects/get_OrderLineItems",
            "uriParams": {
              "OrderLineItems_Id": "{{ $chain.variables.key }}"
            }
          },
          "outcomes": {
            "failure": "fireNotification1",
            "success": "callRestEndpoint2"
          }
        },
        "fireNotification1": {
          "module": "vb/action/builtin/fireNotificationEventAction",
          "parameters": {
            "target": "leaf",
            "summary": "[[ $chain.results.callRestEndpoint1.message.summary ]]",
            "type": "error",
            "displayMode": "persist"
          }
        },
        "callRestEndpoint2": {
          "module": "vb/action/builtin/restAction",
          "parameters": {
            "endpoint": "icApiIntegrationV1FlowsRestJST_LIVE_GETINVENTORYDETAILS1_0/getOnhandquantityProductNumberProductNumberValueOrg_idOrg_idValue",
            "uriParams": {
              "Org_id": "{{ $chain.results.callRestEndpoint1.body.organizationid }}",
              "ProductNumber": "{{ $chain.results.callRestEndpoint1.body.productNumber }}"
            }
          },
          "outcomes": {
            "failure": "fireNotification2",
            "success": "assignVariables1"
          }
        },
        "fireNotification2": {
          "module": "vb/action/builtin/fireNotificationEventAction",
          "parameters": {
            "target": "leaf",
            "summary": "[[ $chain.results.callRestEndpoint2.message.summary ]]",
            "type": "error",
            "displayMode": "persist"
          }
        },
        "assignVariables1": {
          "module": "vb/action/builtin/assignVariablesAction",
          "parameters": {
            "$page.variables.SelectedLineItem": {
              "source": {
                "items": [
                  {
                    "onhandQuantity": "{{ $chain.results.callRestEndpoint2.body.AvailableToTransact }}"
                  }
                ]
              },
              "reset": "none",
              "auto": "always",
              "mapping": {
                "$target.items": {
                  "source": "$source.items",
                  "reset": "empty",
                  "auto": "always"
                }
              }
            }
          },
          "outcomes": {
            "success": "callRestEndpoint3"
          }
        },
        "callRestEndpoint3": {
          "module": "vb/action/builtin/restAction",
          "parameters": {
            "endpoint": "businessObjects/update_OrderLineItems",
            "uriParams": {
              "OrderLineItems_Id": "{{ $chain.variables.key }}"
            },
            "body": "{{ $page.variables.SelectedLineItem.items[0] }}"
          },
          "outcomes": {
            "failure": "fireNotification3",
            "success": "fireDataProviderEvent1"
          }
        },
        "fireNotification3": {
          "module": "vb/action/builtin/fireNotificationEventAction",
          "parameters": {
            "target": "leaf",
            "summary": "[[ $chain.results.callRestEndpoint3.message.summary ]]",
            "type": "error",
            "displayMode": "persist"
          }
        },
        "fireDataProviderEvent1": {
          "module": "vb/action/builtin/fireDataProviderEventAction",
          "parameters": {
            "refresh": null,
            "target": "[[ $page.variables.orderDetailsListSDP2 ]]"
          }
        }
      }
    }
  },
  "eventListeners": {
    "ojTableFirstSelectedRow": {
      "chains": [
        {
          "chainId": "TableFirstSelectedRowChangeChain",
          "parameters": {
            "rowKey": "{{$event.detail.value.key}}",
            "rowData": "{{$event.detail.value.data}}"
          }
        }
      ]
    },
    "ojButtonOjAction": {
      "chains": [
        {
          "chainId": "ButtonActionChain",
          "parameters": {
            "detail": "{{ $event.detail }}",
            "key": "{{ $current.key }}",
            "index": "{{ $current.index }}",
            "current": "{{ $current }}"
          }
        }
      ]
    }
  },
  "imports": {
    "components": {
      "oj-table": {
        "path": "ojs/ojtable"
      },
      "oj-button": {
        "path": "ojs/ojbutton"
      }
    }
  }
}