{
    "displayLabel": "OrderDetails",
    "fields": [
        {
            "displayLabel": "Id",
            "internal": true,
            "key": true,
            "name": "id",
            "oid": "ad17c6c5-6d0d-4096-8863-7bf124a1923b",
            "required": true,
            "type": "number",
            "unique": true
        },
        {
            "displayLabel": "Created",
            "internal": true,
            "name": "creationDate",
            "oid": "822b63a4-e0aa-46c9-a03b-e9ac60819742",
            "type": "datetime"
        },
        {
            "displayLabel": "Last Updated",
            "internal": true,
            "name": "lastUpdateDate",
            "oid": "e48b9fd9-36ba-4277-adb9-59e9d6041e34",
            "type": "datetime"
        },
        {
            "displayLabel": "Created By",
            "internal": true,
            "name": "createdBy",
            "oid": "7cf64bfd-bcad-4e6d-bb49-80330c1252bc",
            "type": "string"
        },
        {
            "displayLabel": "Last Updated By",
            "internal": true,
            "name": "lastUpdatedBy",
            "oid": "b81c49ba-df53-42fe-aff9-49123d6afadd",
            "type": "string"
        },
        {
            "displayLabel": "<internal>",
            "hidden": true,
            "internal": true,
            "name": "abcsChangeNumber",
            "oid": "42e2d1ce-feb6-4bab-b07c-b4cfd7e51d51",
            "type": "number"
        },
        {
            "displayLabel": "orderNumber",
            "name": "orderNumber",
            "oid": "02540df4-2516-4875-9b24-2027850e140c",
            "type": "number"
        },
        {
            "displayLabel": "buyingPartyName",
            "name": "buyingPartyName",
            "oid": "c2869c53-f6f4-42a3-8fe3-16da1a84361b",
            "type": "string"
        },
        {
            "displayLabel": "buyingPartyContactName",
            "name": "buyingPartyContactName",
            "oid": "1fbb5033-659f-49a2-ae2b-8e3889f12a3e",
            "type": "string"
        }
    ],
    "name": "OrderDetails",
    "oid": "4e23d555-2b41-485b-9d43-bfb26344d4a9",
    "relationships": [
        {
            "name": "orderLineItemsCollectio",
            "reverseRelationship": "orderDetailsObject",
            "targetEntity": "OrderLineItems",
            "type": "incoming",
            "exposeAccessor": false,
            "displayField": "orderNumber"
        }
    ]
}