{
  "pageModelVersion": "19.4.3",
  "title": "Edit TravelRequests",
  "description": "Updates single TravelRequests record",
  "variables": {
    "travelRequests": {
      "type": "page:getTravelRequestsResponse"
    },
    "travelRequestsId": {
      "type": "string",
      "required": true,
      "input": "fromUrl"
    },
    "travelRequestsETag": {
      "type": "string"
    },
    "airlineListSDP": {
      "type": "vb/ServiceDataProvider",
      "defaultValue": {
        "endpoint": "businessObjects/getall_Airline",
        "idAttribute": "id",
        "itemsPath": "items",
        "responseType": "page:getallAirlineResponse",
        "uriParameters": {}
      }
    },
    "CountryInfo": {
      "type": "CountryType"
    }
  },
  "metadata": {},
  "types": {
    "getTravelRequestsResponse": {
      "airline": "number",
      "approved": "boolean",
      "date1": "string",
      "from1": "string",
      "to1": "string",
      "traveler": "string"
    },
    "@decorators.getTravelRequestsResponse": {
      "endpoint": "get_TravelRequests",
      "service": "businessObjects",
      "path": "response"
    },
    "businessObjectsServiceErrorResponseType": {
      "body": {
        "status": "string",
        "title": "string",
        "o:errorDetails": [
          {
            "detail": "string",
            "o:errorCode": "string"
          }
        ]
      },
      "status": "number"
    },
    "getallAirlineResponse": {
      "items": [
        {
          "airline": "string",
          "id": "number"
        }
      ]
    },
    "@decorators.getallAirlineResponse": {
      "endpoint": "getall_Airline",
      "service": "businessObjects",
      "path": "response"
    },
    "@decorators.CountryType": {
      "endpoint": "getAlphaCode",
      "service": "getCountryInfo",
      "path": "response"
    },
    "CountryType": {
      "alpha2Code": "string",
      "alpha3Code": "string",
      "altSpellings": "string[]",
      "area": "number",
      "borders": "string[]",
      "callingCodes": "string[]",
      "capital": "string",
      "cioc": "string",
      "currencies": [
        {
          "code": "string",
          "name": "string",
          "symbol": "string"
        }
      ],
      "demonym": "string",
      "flag": "string",
      "gini": "number",
      "languages": [
        {
          "iso639_1": "string",
          "iso639_2": "string",
          "name": "string",
          "nativeName": "string"
        }
      ],
      "latlng": "number[]",
      "name": "string",
      "nativeName": "string",
      "numericCode": "string",
      "population": "number",
      "region": "string",
      "regionalBlocs": [
        {
          "acronym": "string",
          "name": "string",
          "otherAcronyms": "any[]",
          "otherNames": "string[]"
        }
      ],
      "subregion": "string",
      "timezones": "string[]",
      "topLevelDomain": "string[]",
      "translations": {
        "br": "string",
        "de": "string",
        "es": "string",
        "fa": "string",
        "fr": "string",
        "hr": "string",
        "it": "string",
        "ja": "string",
        "nl": "string",
        "pt": "string"
      }
    }
  },
  "chains": {
    "goBackChain": {
      "root": "navigateBack",
      "actions": {
        "navigateBack": {
          "module": "vb/action/builtin/navigateBackAction",
          "outcomes": {
            "success": ""
          }
        }
      }
    },
    "loadTravelRequestsChain": {
      "root": "loadTravelRequests",
      "actions": {
        "loadTravelRequests": {
          "module": "vb/action/builtin/restAction",
          "parameters": {
            "endpoint": "businessObjects/get_TravelRequests",
            "uriParams": {
              "TravelRequests_Id": "[[ $page.variables.travelRequestsId ]]"
            },
            "responseType": "page:getTravelRequestsResponse"
          },
          "outcomes": {
            "success": "assignPayload",
            "failure": "fireErrorNotification"
          }
        },
        "assignPayload": {
          "module": "vb/action/builtin/assignVariablesAction",
          "parameters": {
            "$page.variables.travelRequests": {
              "source": "{{ $chain.results.loadTravelRequests.body }}"
            },
            "$page.variables.travelRequestsETag": {
              "source": "[[ $chain.results.loadTravelRequests.headers.get('ETag') ]]"
            }
          },
          "outcomes": {}
        },
        "fireErrorNotification": {
          "module": "vb/action/builtin/fireNotificationEventAction",
          "parameters": {
            "summary": "Could not load data",
            "message": "{{ 'Could not load data: status ' + $chain.results.loadTravelRequests.payload.status }}",
            "type": "error",
            "displayMode": "persist"
          },
          "outcomes": {}
        }
      }
    },
    "saveTravelRequestsChain": {
      "variables": {
        "saveFailureResult": {
          "type": "page:businessObjectsServiceErrorResponseType"
        },
        "errorMessage": {
          "type": "string"
        },
        "saveHeaders": {
          "type": "object"
        }
      },
      "root": "checkETag",
      "actions": {
        "checkETag": {
          "module": "vb/action/builtin/ifAction",
          "parameters": {
            "condition": "[[ $page.variables.travelRequestsETag ]]"
          },
          "outcomes": {
            "true": "assignIfMatchHeader",
            "false": "saveTravelRequests"
          }
        },
        "assignIfMatchHeader": {
          "module": "vb/action/builtin/assignVariablesAction",
          "parameters": {
            "$chain.variables.saveHeaders": {
              "source": "[[ { 'If-Match': $page.variables.travelRequestsETag } ]]"
            }
          },
          "outcomes": {
            "success": "saveTravelRequests"
          }
        },
        "saveTravelRequests": {
          "module": "vb/action/builtin/restAction",
          "parameters": {
            "endpoint": "businessObjects/update_TravelRequests",
            "body": "{{ $page.variables.travelRequests }}",
            "requestType": "json",
            "uriParams": {
              "TravelRequests_Id": "[[ $page.variables.travelRequestsId ]]"
            },
            "headers": "[[ $chain.variables.saveHeaders ]]"
          },
          "outcomes": {
            "success": "assignPayload",
            "failure": "assignFailureResult"
          }
        },
        "assignPayload": {
          "module": "vb/action/builtin/assignVariablesAction",
          "parameters": {
            "$page.variables.travelRequests": {
              "source": "{{ $chain.results.saveTravelRequests.body }}"
            },
            "$page.variables.travelRequestsETag": {
              "source": "[[ $chain.results.saveTravelRequests.headers.get('ETag') ]]"
            }
          },
          "outcomes": {
            "success": "fireSuccessNotification"
          }
        },
        "fireSuccessNotification": {
          "module": "vb/action/builtin/fireNotificationEventAction",
          "parameters": {
            "summary": "TravelRequests saved",
            "message": "TravelRequests record successfully updated",
            "type": "confirmation",
            "displayMode": "transient"
          },
          "outcomes": {
            "success": "callGoBackChain"
          }
        },
        "callGoBackChain": {
          "module": "vb/action/builtin/callChainAction",
          "parameters": {
            "id": "goBackChain"
          }
        },
        "assignFailureResult": {
          "module": "vb/action/builtin/assignVariablesAction",
          "parameters": {
            "$chain.variables.saveFailureResult": {
              "source": "[[ $chain.results.saveTravelRequests.payload ]]"
            }
          },
          "outcomes": {
            "success": "testFailureDetails"
          }
        },
        "testFailureDetails": {
          "module": "vb/action/builtin/ifAction",
          "outcomes": {
            "true": "handleDetailedErrorMessage",
            "false": "handleDefaultErrorMessage"
          },
          "parameters": {
            "condition": "[[ $chain.variables.saveFailureResult.body['o:errorDetails'][0] ]]"
          }
        },
        "handleDetailedErrorMessage": {
          "module": "vb/action/builtin/assignVariablesAction",
          "outcomes": {
            "success": "fireErrorNotification"
          },
          "parameters": {
            "$chain.variables.errorMessage": {
              "source": "[[ $chain.variables.saveFailureResult.body['o:errorDetails'][0].detail ]]"
            }
          }
        },
        "handleDefaultErrorMessage": {
          "module": "vb/action/builtin/assignVariablesAction",
          "outcomes": {
            "success": "fireErrorNotification"
          },
          "parameters": {
            "$chain.variables.errorMessage": {
              "source": "[[ 'Could not update TravelRequests: status ' + $chain.results.saveTravelRequests.payload.status ]]"
            }
          }
        },
        "fireErrorNotification": {
          "module": "vb/action/builtin/fireNotificationEventAction",
          "parameters": {
            "summary": "Save failed",
            "message": "[[ $chain.variables.errorMessage ]]",
            "type": "error",
            "displayMode": "persist"
          }
        }
      }
    },
    "ButtonActionChain": {
      "description": "",
      "variables": {
        "detail": {
          "required": true,
          "type": "any",
          "input": "fromCaller"
        }
      },
      "root": "CallCountryService",
      "actions": {
        "fireNotification1": {
          "module": "vb/action/builtin/fireNotificationEventAction",
          "parameters": {
            "target": "leaf",
            "summary": "[[ $chain.results.CallCountryService.message.summary ]]",
            "type": "error",
            "displayMode": "persist"
          }
        },
        "CallCountryService": {
          "module": "vb/action/builtin/restAction",
          "parameters": {
            "endpoint": "getCountryInfo/getAlphaCode",
            "uriParams": {
              "code": "{{ $page.variables.travelRequests.to1 }}"
            }
          },
          "outcomes": {
            "failure": "fireNotification1",
            "success": "assignVariables1"
          }
        },
        "assignVariables1": {
          "module": "vb/action/builtin/assignVariablesAction",
          "parameters": {
            "$page.variables.CountryInfo": {
              "source": "{{ $chain.results.CallCountryService.body }}",
              "auto": "always"
            }
          }
        }
      }
    }
  },
  "eventListeners": {
    "backButtonClicked": {
      "chains": [
        {
          "chainId": "goBackChain"
        }
      ]
    },
    "saveButtonClicked": {
      "chains": [
        {
          "chainId": "saveTravelRequestsChain"
        }
      ]
    },
    "vbEnter": {
      "chains": [
        {
          "chainId": "loadTravelRequestsChain"
        }
      ]
    },
    "ojButtonOjAction": {
      "chains": [
        {
          "chainId": "ButtonActionChain",
          "parameters": {
            "detail": "{{ $event.detail }}"
          }
        }
      ]
    }
  },
  "imports": {
    "components": {
      "oj-form-layout": {
        "path": "ojs/ojformlayout"
      },
      "oj-select-one": {
        "path": "ojs/ojselectcombobox"
      },
      "oj-switch": {
        "path": "ojs/ojswitch"
      },
      "oj-input-date": {
        "path": "ojs/ojdatetimepicker"
      },
      "oj-input-text": {
        "path": "ojs/ojinputtext"
      },
      "oj-toolbar": {
        "path": "ojs/ojtoolbar"
      },
      "oj-button": {
        "path": "ojs/ojbutton"
      },
      "oj-label": {
        "path": "ojs/ojlabel"
      }
    }
  }
}