{
  "pageModelVersion": "19.4.3",
  "title": "",
  "description": "",
  "variables": {
    "travelRequestsListSDP": {
      "type": "vb/ServiceDataProvider",
      "defaultValue": {
        "endpoint": "businessObjects/getall_TravelRequests",
        "idAttribute": "id",
        "itemsPath": "items",
        "responseType": "page:getallTravelRequestsResponse2"
      }
    },
    "travelRequestsSelectedId": {
      "type": "string",
      "defaultValue": ""
    }
  },
  "metadata": {},
  "types": {
    "getallTravelRequestsResponse": {
      "items": [
        {
          "approved": "boolean",
          "cost": "number",
          "from1": "string",
          "id": "number",
          "to1": "string",
          "traveler": "string"
        }
      ]
    },
    "@decorators.getallTravelRequestsResponse": {
      "endpoint": "getall_TravelRequests",
      "service": "businessObjects",
      "path": "response"
    },
    "getallTravelRequestsResponse2": {
      "items": [
        {
          "approved": "boolean",
          "cost": "number",
          "from1": "string",
          "id": "number",
          "to1": "string",
          "traveler": "string"
        }
      ]
    },
    "@decorators.getallTravelRequestsResponse2": {
      "endpoint": "getall_TravelRequests",
      "service": "businessObjects",
      "path": "response"
    }
  },
  "chains": {
    "travelRequestsChangeSelectionChain": {
      "variables": {
        "travelRequestsId": {
          "type": "string",
          "input": "fromCaller",
          "defaultValue": ""
        }
      },
      "root": "assignVariable",
      "actions": {
        "assignVariable": {
          "module": "vb/action/builtin/assignVariablesAction",
          "parameters": {
            "$page.variables.travelRequestsSelectedId": {
              "source": "[[ $chain.variables.travelRequestsId ]]"
            }
          },
          "outcomes": {
            "success": "navigateToPage1"
          }
        },
        "navigateToPage1": {
          "module": "vb/action/builtin/navigateToPageAction",
          "parameters": {
            "page": "EditTravelRequests",
            "params": {
              "travelRequestsId": "{{ $chain.variables.travelRequestsId }}"
            }
          }
        }
      }
    },
    "navigateToEditTravelRequestsChain": {
      "root": "navigateToEdit",
      "variables": {
        "travelRequestsId": {
          "type": "string",
          "input": "fromCaller",
          "required": true
        }
      },
      "actions": {
        "navigateToEdit": {
          "module": "vb/action/builtin/navigateToPageAction",
          "parameters": {
            "history": "push",
            "page": "EditTravelRequests",
            "params": {
              "travelRequestsId": "[[ $chain.variables.travelRequestsId ]]"
            }
          },
          "outcomes": {
            "success": ""
          }
        }
      }
    }
  },
  "eventListeners": {
    "travelRequestsSelectionChanged": {
      "chains": [
        {
          "chainId": "travelRequestsChangeSelectionChain",
          "parameters": {
            "travelRequestsId": "[[ $event.detail.value.key || '' ]]"
          }
        }
      ]
    },
    "editTravelRequestsButtonClicked": {
      "chains": [
        {
          "chainId": "navigateToEditTravelRequestsChain",
          "parameters": {
            "travelRequestsId": "[[ $page.variables.travelRequestsSelectedId ]]"
          }
        }
      ]
    }
  },
  "imports": {
    "components": {
      "oj-table": {
        "path": "ojs/ojtable"
      },
      "oj-toolbar": {
        "path": "ojs/ojtoolbar"
      },
      "oj-button": {
        "path": "ojs/ojbutton"
      }
    }
  }
}