{
    "fields": [
        {
            "displayLabel": "Id",
            "internal": true,
            "key": true,
            "name": "id",
            "oid": "18fa9ed9-28f1-4a6f-97bb-1338c940750e",
            "required": true,
            "type": "number",
            "unique": true
        },
        {
            "displayLabel": "Created",
            "internal": true,
            "name": "creationDate",
            "oid": "a7e70cfa-304b-44a3-ad0c-678a76a51abe",
            "type": "datetime"
        },
        {
            "displayLabel": "Last Updated",
            "internal": true,
            "name": "lastUpdateDate",
            "oid": "f181ee45-873e-46b6-b642-f15ae7223c5a",
            "type": "datetime"
        },
        {
            "displayLabel": "Created By",
            "internal": true,
            "name": "createdBy",
            "oid": "f4751bbb-2167-4603-9f33-d298f3e5decb",
            "type": "string"
        },
        {
            "displayLabel": "Last Updated By",
            "internal": true,
            "name": "lastUpdatedBy",
            "oid": "b1b0ad33-5909-4986-bb11-06580ed08d1b",
            "type": "string"
        },
        {
            "displayLabel": "<internal>",
            "hidden": true,
            "internal": true,
            "name": "abcsChangeNumber",
            "oid": "03de8924-7e46-4d1c-90d2-9eb0eda0e09f",
            "type": "number"
        }
    ],
    "name": "JSTBO1",
    "oid": "a13d1e42-7b92-4808-8ca7-57ac25a9d236",
    "displayLabel": "JST_BO_01"
}