id,creationDate,lastUpdateDate,createdBy,lastUpdatedBy,pOHeaderId,orderNumber,procurementBUId,procurementBusinessUnit,supplierId,supplier,soldToLegalEntity,lOCId
61,2019-01-24T05:41:47,2019-01-24T06:57:24,kishore.x.katta@oracle.com,kishore.x.katta@oracle.com,323,162199,300000046987012,US1 Business Unit,300000047414679,Dell Inc.,US1 Legal Entity,1.0
62,2020-04-03T10:20:31,2020-04-03T10:20:31.218,subhani.italapuram@oracle.com,subhani.italapuram@oracle.com,300000188919169,163876,300000046987012,US1 Business Unit,300000047414679,Dell Inc.,US1 Legal Entity,
63,2020-04-03T10:21:17,2020-04-03T10:21:17.44,subhani.italapuram@oracle.com,subhani.italapuram@oracle.com,300000188919187,163877,300000046987012,US1 Business Unit,300000047414679,Dell Inc.,US1 Legal Entity,
70,2020-04-03T16:32:10,2020-04-03T16:32:10.016,subhani.italapuram@oracle.com,subhani.italapuram@oracle.com,300000188920864,163878,300000046987012,US1 Business Unit,300000047414503,Lee Supplies,US1 Legal Entity,
71,2020-04-03T20:23:36,2020-04-03T20:23:36.021,subhani.italapuram@oracle.com,subhani.italapuram@oracle.com,300000188920878,163879,300000046987012,US1 Business Unit,300000047414503,Lee Supplies,US1 Legal Entity,
85,2020-04-06T06:36:05,2020-04-06T06:36:05.012,subhani.italapuram@oracle.com,subhani.italapuram@oracle.com,300000188919187,163877,300000046987012,US1 Business Unit,300000047414679,Dell Inc.,US1 Legal Entity,
86,2020-07-12T15:23:43,2020-07-12T15:23:43.356,jayeshsinghthakur1@gmail.com,jayeshsinghthakur1@gmail.com,300000203486293,163956,300000046987012,US1 Business Unit,300000047414679,Dell Inc.,US1 Legal Entity,
