{
  "pageModelVersion": "18.4.1",
  "title": "",
  "description": "",
  "variables": {
    "lOCListSDP": {
      "type": "vb/ServiceDataProvider",
      "defaultValue": {
        "endpoint": "businessObjects/getall_LOC",
        "idAttribute": "id",
        "itemsPath": "items",
        "responseType": "page:getallLOCResponse"
      }
    }
  },
  "types": {
    "getallLOCResponse": {
      "items": [
        {
          "id": "number",
          "lOCType": "string",
          "lOCBank": "string",
          "lOCAmount": "number",
          "lOCOpeningDate": "string",
          "lOCExpiry": "string",
          "lOCStatus": "string"
        }
      ]
    },
    "@decorators.getallLOCResponse": {
      "endpoint": "getall_LOC",
      "service": "businessObjects",
      "path": "response"
    }
  },
  "chains": {
    "ButtonAction": {
      "description": "",
      "variables": {
        "detail": {
          "required": true,
          "type": "any",
          "input": "fromCaller"
        }
      },
      "root": "navigateBackToMainPage",
      "actions": {
        "navigateBackToMainPage": {
          "module": "vb/action/builtin/navigateBackAction"
        }
      }
    }
  },
  "eventListeners": {
    "ojButton11278650691OjAction": {
      "chains": [
        {
          "chainId": "ButtonAction",
          "parameters": {
            "detail": "{{ $event.detail }}"
          }
        }
      ]
    }
  },
  "imports": {
    "components": {
      "oj-table": {
        "path": "ojs/ojtable"
      },
      "oj-button": {
        "path": "ojs/ojbutton"
      }
    }
  }
}