{
    "displayLabel": "Class",
    "fields": [
        {
            "displayLabel": "Id",
            "internal": true,
            "key": true,
            "name": "id",
            "oid": "f10a36fa-cb70-4920-b850-cffd6bced825",
            "required": true,
            "type": "number",
            "unique": true
        },
        {
            "displayLabel": "Created",
            "internal": true,
            "name": "creationDate",
            "oid": "d69d23d9-dca7-4df6-b81e-1734decbe4e3",
            "type": "datetime"
        },
        {
            "displayLabel": "Last Updated",
            "internal": true,
            "name": "lastUpdateDate",
            "oid": "f0517417-76bc-4046-af5e-38c528a6e415",
            "type": "datetime"
        },
        {
            "displayLabel": "Created By",
            "internal": true,
            "name": "createdBy",
            "oid": "b47a9bb7-c655-4cad-8a6a-48316e16bd1f",
            "type": "string"
        },
        {
            "displayLabel": "Last Updated By",
            "internal": true,
            "name": "lastUpdatedBy",
            "oid": "437a4b02-ab63-429e-8989-1f4ec9d30d3d",
            "type": "string"
        },
        {
            "displayLabel": "<internal>",
            "hidden": true,
            "internal": true,
            "name": "abcsChangeNumber",
            "oid": "2c64eeca-7333-4f8c-9fd2-a52765df0b2c",
            "type": "number"
        },
        {
            "displayLabel": "Title",
            "name": "title",
            "oid": "5881ff66-e6fb-40e5-9113-b2ab24150738",
            "type": "string"
        },
        {
            "displayLabel": "Duration (mins)",
            "name": "durationMins",
            "oid": "0a1ed9e7-f65c-4aaa-8411-38f6da9e59a5",
            "type": "number"
        },
        {
            "displayLabel": "Description",
            "name": "description",
            "oid": "5c5f18b6-f213-44ee-9a10-139441079bb4",
            "type": "string"
        },
        {
            "displayLabel": "Details",
            "name": "details",
            "oid": "f05a3b24-c6d3-49f3-8e61-a664ebc6dc71",
            "type": "string"
        }
    ],
    "name": "Class",
    "oid": "db1b8e04-71a5-4585-b7cf-aa88543d9bb9",
    "relationships": [
        {
            "name": "courseClassCollection",
            "reverseRelationship": "classObject",
            "targetEntity": "CourseClass",
            "type": "incoming",
            "exposeAccessor": false,
            "displayField": "title"
        }
    ]
}