{
    "openapi": "3.0.0",
    "info": {
        "title": "Jsonplaceholder Typicode Com",
        "version": "1.0.0"
    },
    "servers": [
        {
            "url": "https://jsonplaceholder.typicode.com",
            "description": "Jsonplaceholder Typicode Com"
        }
    ],
    "paths": {
        "/todos": {
            "get": {
                "operationId": "getTodos",
                "responses": {
                    "default": {
                        "description": "Response for default",
                        "content": {
                            "application/json": {
                                "schema": {
                                    "$ref": "#/components/schemas/GetTodos"
                                },
                                "examples": {
                                    "vb": {
                                        "summary": "Example stored by VB User",
                                        "externalValue": "./examples/getTodos/response_default_application_json_vb.json"
                                    }
                                }
                            }
                        }
                    }
                },
                "x-vb": {
                    "actionHint": "getMany"
                }
            }
        }
    },
    "components": {
        "schemas": {
            "GetTodos": {
                "type": "array",
                "items": {
                    "type": "object",
                    "properties": {
                        "userId": {
                            "type": "integer"
                        },
                        "id": {
                            "type": "integer"
                        },
                        "title": {
                            "type": "string"
                        },
                        "completed": {
                            "type": "boolean"
                        }
                    }
                }
            }
        }
    }
}