{
    "displayLabel": "Enroll",
    "fields": [
        {
            "displayLabel": "Id",
            "internal": true,
            "key": true,
            "name": "id",
            "oid": "caa8e83d-b302-40d3-bf3b-df779cdcf079",
            "required": true,
            "type": "number",
            "unique": true
        },
        {
            "displayLabel": "Created",
            "internal": true,
            "name": "creationDate",
            "oid": "693becab-d612-4ba7-a477-4d745089f29a",
            "type": "datetime"
        },
        {
            "displayLabel": "Last Updated",
            "internal": true,
            "name": "lastUpdateDate",
            "oid": "3df599b5-7c5e-431c-9798-5a7a26bf9c70",
            "type": "datetime"
        },
        {
            "displayLabel": "Created By",
            "internal": true,
            "name": "createdBy",
            "oid": "021954ea-82fb-44b6-99dc-6df4fb845d07",
            "type": "string"
        },
        {
            "displayLabel": "Last Updated By",
            "internal": true,
            "name": "lastUpdatedBy",
            "oid": "d62be2a4-8f43-4ef5-a8a7-78c73df77a21",
            "type": "string"
        },
        {
            "displayLabel": "<internal>",
            "hidden": true,
            "internal": true,
            "name": "abcsChangeNumber",
            "oid": "5afd32a3-b61a-4c35-a521-ec796c9100cc",
            "type": "number"
        },
        {
            "displayLabel": "Schedule",
            "name": "schedule",
            "oid": "f573d4e5-d619-4e4e-bdae-12a45fefbeef",
            "type": "number"
        },
        {
            "displayLabel": "Participant",
            "name": "participant",
            "oid": "28f9e6d8-83ab-47a7-9447-0c525f12f2ea",
            "type": "string"
        }
    ],
    "name": "Enroll",
    "oid": "d0b8e910-7602-43b2-9584-49ee3897a3c9"
}