{
    "displayLabel": "Course",
    "fields": [
        {
            "displayLabel": "Id",
            "internal": true,
            "key": true,
            "name": "id",
            "oid": "05ff6065-40ab-482b-b908-40153fe8f139",
            "required": true,
            "type": "number",
            "unique": true
        },
        {
            "displayLabel": "Created",
            "internal": true,
            "name": "creationDate",
            "oid": "9008d94a-11ae-4ab9-bfb7-ea8084fff47c",
            "type": "datetime"
        },
        {
            "displayLabel": "Last Updated",
            "internal": true,
            "name": "lastUpdateDate",
            "oid": "9da5bd71-824f-4ec5-8dac-2fd9941b95cc",
            "type": "datetime"
        },
        {
            "displayLabel": "Created By",
            "internal": true,
            "name": "createdBy",
            "oid": "5c503b41-16e3-45b5-b88c-ba2a12cdf8dc",
            "type": "string"
        },
        {
            "displayLabel": "Last Updated By",
            "internal": true,
            "name": "lastUpdatedBy",
            "oid": "9b932d7d-c91c-4c90-8f68-4ed05fe0a10a",
            "type": "string"
        },
        {
            "displayLabel": "<internal>",
            "hidden": true,
            "internal": true,
            "name": "abcsChangeNumber",
            "oid": "f68a2407-4eb3-4344-a010-3e35cb0821dc",
            "type": "number"
        },
        {
            "displayLabel": "Title",
            "name": "title",
            "oid": "60c0156d-38fd-4576-815c-3f3171edc878",
            "type": "string"
        },
        {
            "displayLabel": "Description",
            "name": "description",
            "oid": "512c9e3c-10b7-4c4a-ab70-9f0c53f960d2",
            "type": "string"
        },
        {
            "displayLabel": "Url",
            "name": "url",
            "oid": "ad746586-e5ad-4136-b45f-0e578588761c",
            "type": "string"
        },
        {
            "displayLabel": "Subject",
            "name": "subject",
            "oid": "c10670a7-6f93-4b8e-8918-170b39aa463c",
            "type": "string"
        }
    ],
    "name": "Course",
    "oid": "383fc517-9f9e-4ffb-976a-3c8f0b957c30",
    "relationships": [
        {
            "name": "courseClassCollection",
            "reverseRelationship": "courseObject",
            "targetEntity": "CourseClass",
            "type": "incoming",
            "exposeAccessor": false,
            "displayField": "title"
        }
    ]
}