{
    "displayLabel": "CourseClass",
    "fields": [
        {
            "displayLabel": "Id",
            "internal": true,
            "key": true,
            "name": "id",
            "oid": "f901d440-babe-4a3a-9527-079e6a39c334",
            "required": true,
            "type": "number",
            "unique": true
        },
        {
            "displayLabel": "Created",
            "internal": true,
            "name": "creationDate",
            "oid": "d58b64ea-6af8-4426-bd9f-6df40952f770",
            "type": "datetime"
        },
        {
            "displayLabel": "Last Updated",
            "internal": true,
            "name": "lastUpdateDate",
            "oid": "95c7e092-3a6a-4991-af22-3feac3a879d8",
            "type": "datetime"
        },
        {
            "displayLabel": "Created By",
            "internal": true,
            "name": "createdBy",
            "oid": "2a42b3d2-09c8-44ab-bbee-3d47720dd905",
            "type": "string"
        },
        {
            "displayLabel": "Last Updated By",
            "internal": true,
            "name": "lastUpdatedBy",
            "oid": "c179889d-f9e5-45c2-8727-66368d5087f8",
            "type": "string"
        },
        {
            "displayLabel": "<internal>",
            "hidden": true,
            "internal": true,
            "name": "abcsChangeNumber",
            "oid": "9d0e8392-6590-4504-a7dc-652b53b0f461",
            "type": "number"
        },
        {
            "name": "course",
            "oid": "1d35d541-da72-4b5a-b536-94011047e4d3",
            "displayLabel": "course",
            "type": "reference"
        },
        {
            "name": "class",
            "oid": "d2ad4010-396b-4722-a26e-5c43a4004133",
            "displayLabel": "class",
            "type": "reference"
        }
    ],
    "name": "CourseClass",
    "oid": "40f008c8-ed2d-40b8-9995-4613f56132e0",
    "relationships": [
        {
            "name": "courseObject",
            "reverseRelationship": "courseClassCollection",
            "targetEntity": "Course",
            "type": "outgoing",
            "exposeAccessor": true,
            "mappingField": "course",
            "deleteRule": "restrict"
        },
        {
            "name": "classObject",
            "reverseRelationship": "courseClassCollection",
            "targetEntity": "Class",
            "type": "outgoing",
            "exposeAccessor": true,
            "mappingField": "class",
            "deleteRule": "restrict"
        }
    ],
    "security": {
        "type": "local",
        "acl": [
            {
                "roleId": "Admin",
                "privileges": [
                    {
                        "name": "view",
                        "value": true
                    },
                    {
                        "name": "create",
                        "value": true
                    },
                    {
                        "name": "update",
                        "value": true
                    },
                    {
                        "name": "delete",
                        "value": true
                    }
                ]
            },
            {
                "roleId": "approle.anonymous.user",
                "privileges": [
                    {
                        "name": "view",
                        "value": false
                    },
                    {
                        "name": "create",
                        "value": false
                    },
                    {
                        "name": "update",
                        "value": false
                    },
                    {
                        "name": "delete",
                        "value": false
                    }
                ]
            },
            {
                "roleId": "approle.authenticated.user",
                "privileges": [
                    {
                        "name": "view",
                        "value": true
                    },
                    {
                        "name": "create",
                        "value": true
                    },
                    {
                        "name": "update",
                        "value": true
                    },
                    {
                        "name": "delete",
                        "value": true
                    }
                ]
            }
        ]
    }
}