{
    "displayLabel": "Airline",
    "fields": [
        {
            "displayLabel": "Id",
            "internal": true,
            "key": true,
            "name": "id",
            "oid": "11d36edc-3bac-4a4e-9e6f-c7007ff0d437",
            "required": true,
            "type": "number",
            "unique": true
        },
        {
            "displayLabel": "Created",
            "internal": true,
            "name": "creationDate",
            "oid": "c0e6d024-3565-467c-a840-19385745b5b9",
            "type": "datetime"
        },
        {
            "displayLabel": "Last Updated",
            "internal": true,
            "name": "lastUpdateDate",
            "oid": "ec3ea2b6-ebba-409f-928c-bd9dd4c7b219",
            "type": "datetime"
        },
        {
            "displayLabel": "Created By",
            "internal": true,
            "name": "createdBy",
            "oid": "64e31a9c-cf6a-44b4-a297-784e185613e5",
            "type": "string"
        },
        {
            "displayLabel": "Last Updated By",
            "internal": true,
            "name": "lastUpdatedBy",
            "oid": "cf268a7c-cbf1-4497-9222-cf7a36cb48f1",
            "type": "string"
        },
        {
            "displayLabel": "<internal>",
            "hidden": true,
            "internal": true,
            "name": "abcsChangeNumber",
            "oid": "885ad008-3c14-4565-bef0-2a138fa962ea",
            "type": "number"
        },
        {
            "displayLabel": "Airline",
            "name": "airline",
            "oid": "17af1910-a55e-4371-9251-6ee080b40cf0",
            "type": "string"
        }
    ],
    "name": "Airline",
    "oid": "23dea426-c59a-4b28-b0ba-fdb1f81e9d0f",
    "relationships": [
        {
            "name": "travelRequestsCollectio",
            "reverseRelationship": "airlineObject",
            "targetEntity": "TravelRequests",
            "type": "incoming",
            "exposeAccessor": false,
            "displayField": "airline"
        }
    ]
}