id,creationDate,lastUpdateDate,createdBy,lastUpdatedBy,airline
1,2020-08-02T11:17:11,2020-08-02T11:17:11,jayeshsinghthakur1@gmail.com,jayeshsinghthakur1@gmail.com,United
2,2020-08-02T11:17:11,2020-08-02T11:17:11,jayeshsinghthakur1@gmail.com,jayeshsinghthakur1@gmail.com,KLM
3,2020-08-02T11:17:11,2020-08-02T11:17:11,jayeshsinghthakur1@gmail.com,jayeshsinghthakur1@gmail.com,Air France
4,2020-08-02T11:17:11,2020-08-02T11:17:11,jayeshsinghthakur1@gmail.com,jayeshsinghthakur1@gmail.com,British Airways
5,2020-08-02T11:17:11,2020-08-02T11:17:11,jayeshsinghthakur1@gmail.com,jayeshsinghthakur1@gmail.com,El Al
