{
    "displayLabel": "Schedule",
    "fields": [
        {
            "displayLabel": "Id",
            "internal": true,
            "key": true,
            "name": "id",
            "oid": "ca7e94a3-1ed2-4771-83e8-a5d7b3930e25",
            "required": true,
            "type": "number",
            "unique": true
        },
        {
            "displayLabel": "Created",
            "internal": true,
            "name": "creationDate",
            "oid": "06803425-bf32-433c-8b97-5cad62199d17",
            "type": "datetime"
        },
        {
            "displayLabel": "Last Updated",
            "internal": true,
            "name": "lastUpdateDate",
            "oid": "4cd92785-6f28-4c11-b184-6fff9499b8f9",
            "type": "datetime"
        },
        {
            "displayLabel": "Created By",
            "internal": true,
            "name": "createdBy",
            "oid": "d0a09e12-770b-43d2-8de1-fe959b474110",
            "type": "string"
        },
        {
            "displayLabel": "Last Updated By",
            "internal": true,
            "name": "lastUpdatedBy",
            "oid": "ccb0ebd2-2770-4e16-a06d-8ffe341cbb02",
            "type": "string"
        },
        {
            "displayLabel": "<internal>",
            "hidden": true,
            "internal": true,
            "name": "abcsChangeNumber",
            "oid": "9666b42e-1c42-4df9-b039-b76d6a63de8b",
            "type": "number"
        },
        {
            "displayLabel": "Course",
            "name": "course",
            "oid": "6539eef5-46fc-4b93-8903-1d7dcd5a6797",
            "type": "number"
        },
        {
            "displayLabel": "StartDate",
            "name": "startDate",
            "oid": "e5eb15da-c562-4f49-82a8-9485741c86eb",
            "type": "datetime"
        },
        {
            "displayLabel": "EndDate",
            "name": "endDate",
            "oid": "ba4cd736-2e1a-4989-9d56-02f414fcb815",
            "type": "datetime"
        },
        {
            "displayLabel": "Location",
            "name": "location",
            "oid": "58ab5842-2dd5-43d7-b82e-a09519384ed7",
            "type": "string"
        },
        {
            "displayLabel": "Venue",
            "name": "venue",
            "oid": "5eac91d9-61bc-4e92-a109-9e58b1d64740",
            "type": "string"
        }
    ],
    "name": "Schedule",
    "oid": "6194b90d-0d1b-47c8-b6f7-0a47312f8e7f"
}