{
    "openapi": "3.0.0",
    "info": {
        "title": "Ic Api Integration V1 Flows Rest JST LIVE GETINVENTORYDETAILS 1.0",
        "version": "1.0.0"
    },
    "servers": [
        {
            "url": "https://poc-idbrzla69wpn-ia.integration.ocp.oraclecloud.com/ic/api/integration/v1/flows/rest/JST_LIVE_GETINVENTORYDETAILS/1.0",
            "description": "Ic Api Integration V1 Flows Rest JST LIVE GETINVENTORYDETAILS 1.0",
            "x-vb": {
                "authentication": {
                    "authenticated": {
                        "type": "basic",
                        "credentials": "vb_c58498e9-0561-42cd-ba13-61067ddd46ca"
                    }
                }
            }
        }
    ],
    "paths": {
        "/onhandquantity": {
            "get": {
                "operationId": "getOnhandquantityProductNumberProductNumberValueOrg_idOrg_idValue",
                "parameters": [
                    {
                        "name": "ProductNumber",
                        "in": "query",
                        "schema": {
                            "type": "string"
                        },
                        "x-vb": {
                            "defaultValue": "AS85004"
                        }
                    },
                    {
                        "name": "Org_id",
                        "in": "query",
                        "schema": {
                            "type": "string"
                        },
                        "x-vb": {
                            "defaultValue": "001"
                        }
                    }
                ],
                "responses": {
                    "default": {
                        "description": "Default response",
                        "content": {
                            "application/json": {
                                "schema": {
                                    "$ref": "#/components/schemas/GetOnhandquantityProductNumberProductNumber-valueOrg_idOrg_id-value"
                                },
                                "examples": {
                                    "vb": {
                                        "externalValue": "./examples/getOnhandquantityProductNumberProductNumberValueOrg_idOrg_idValue/response_default_application_json_vb.json"
                                    }
                                }
                            }
                        }
                    }
                },
                "x-vb": {
                    "actionHint": "getOne"
                }
            }
        }
    },
    "components": {
        "schemas": {
            "GetOnhandquantityProductNumberProductNumber-valueOrg_idOrg_id-value": {
                "type": "object",
                "properties": {
                    "AvailableToTransact": {
                        "type": "string"
                    }
                }
            }
        }
    }
}