{
    "defaultPage": "shell",
    "types": {},
    "variables": {},
    "security": {},
    "applicationModelVersion": "18.4.1",
    "chains": {},
    "translations": {
        "app": {
            "path": "./resources/strings/app/nls/app-strings"
        }
    },
    "description": "A new VB app",
    "id": "starter",
    "services": {
        "businessObjects": "vb-catalog://services/businessObjects",
        "FAPOPROXY": "../../services/FAPOPROXY/openapi3.json"
    },
    "userConfig": {
        "type": "vb/DefaultSecurityProvider",
        "configuration": {
            "authentication": {
                "type": "oraclecloud"
            }
        },
        "embedding": "deny"
    }
}